name,x,y,degree,node_size
Browndros BeardriguezChadros Higelyges,-0.40247092187002237,0.1949687560943179,10,189.73665961010278
Chappe,-0.40910525113863044,0.20648764183978702,10,189.73665961010278
Dragon Number Twenty-One,-0.3567928912175935,0.2621760525915764,13,216.33307652783935
Fen Bock,-0.4209241287914588,0.1941350425069768,10,189.73665961010278
Hyoutauros,-0.40847489039422136,0.2107220384254942,10,189.73665961010278
Kirintauros,-0.4157641309702446,0.20106961695488218,10,189.73665961010278
Monet,-0.23465246538902554,0.130506539683374,31,334.0658617698013
Lun,-0.41361515536329185,0.21291432334335972,10,189.73665961010278
Yeti Cool Brothers,-0.4099366963806486,0.19697763556959627,10,189.73665961010278
Smiley,-0.4107409569244453,0.19124445787181088,10,189.73665961010278
Smoothy,-0.40065093392423545,0.19949063002918918,10,189.73665961010278
Boxer,-0.26766227859336833,-0.8584282089633902,2,84.8528137423857
Bartholomew Kuma,-0.12919145389250328,0.1331896245735344,36,360.0
S-Bear,-0.3267306578497391,0.15504684957426174,4,120.0
S-Hawk,-0.3205744098497102,0.1572724050937175,4,120.0
S-Shark,-0.3232743813887461,0.14413477317349818,4,120.0
S-Snake,-0.31986131998467054,0.16938504443688898,4,120.0
Crocus,-0.203177656560795,-0.05833480470194649,31,334.0658617698013
,-0.04683595066802848,-0.03598245551486077,329,1088.3014288330232
BBBB,-0.08888200982582875,-0.031059692659070402,80,536.6563145999496
Milky,-0.09540747388656794,-0.012463763698286019,80,536.6563145999496
Nekomamushi,-0.12661927329235093,-0.04562651838551997,181,807.2174428244226
Pedro,-0.07574144772924649,-0.023726286490363957,82,543.3231082882451
Roddy,-0.0906042517979165,-0.023433469991642576,80,536.6563145999496
Comane,0.09711737964813243,-0.9641976302126583,0,0.0
Pekkori,0.9354605499418375,0.3417395262861631,0,0.0
X. Drake,-0.07839579562713522,-0.06452227761057733,175,793.7253933193772
Cavendish,-0.061817063079293674,0.07038377274432066,45,402.49223594996215
Portgaz D. Rouge,-0.11507513176236295,0.03613149800083485,12,207.84609690826525
Kureha,-0.9271982909755024,0.22494684227339695,1,60.0
Dr. Hou,-0.025202883766138027,-0.1321227689682783,3,103.92304845413263
Maidy,-0.015409171061205007,-0.12945199157275586,3,103.92304845413263
Nefeltari D. Lily,-0.004673757021803645,0.012061662898824337,46,406.9397989875161
Nefeltari Vivi,-0.0293380395666096,0.06760797540609795,66,487.4423042781576
Abdullah,-0.06568561838926158,0.06105677720536915,45,402.49223594996215
Blue Gilly,-0.06461737975444141,0.07177845837597222,45,402.49223594996215
Ideo,-0.05946537154349886,0.05964075655283127,45,402.49223594996215
Jet,-0.060657677120416566,0.05076509285904083,45,402.49223594996215
Cosmo,0.25570662012205086,-0.28993028862616066,4,120.0
Eneru,0.22926637538707373,-0.3899450371463295,12,207.84609690826525
Galaxy,0.2604752850656868,-0.2845295238489775,4,120.0
Macro,0.15878208533940807,-0.1287114716995427,18,254.5584412271571
Spacey,0.2609700053398863,-0.28656406031486126,4,120.0
Michael,0.7871208666586633,0.559317636951171,0,0.0
Aisa,0.3675914229680686,-0.7873281174175156,19,261.5339366124404
Braham,0.369387829550257,-0.776030309523991,19,261.5339366124404
Chiya,0.39386086747878596,-0.8069714137548741,18,254.5584412271571
Coburn,0.37321514357591984,-0.8040158426051344,18,254.5584412271571
Genbou,0.37264402326144996,-0.777766703108078,19,261.5339366124404
Herb,0.40229355925995264,-0.784353193516554,18,254.5584412271571
Isa,0.3982007049719678,-0.7998295564157006,18,254.5584412271571
KalgaraCalgaraKalgala,0.39358748607491806,-0.7821962392094175,18,254.5584412271571
Kamakiri,0.3764517317452206,-0.7830232223835415,19,261.5339366124404
Kashigami,0.38751613158904896,-0.8016218261346072,18,254.5584412271571
Mayushka,0.3899658880471801,-0.7735230397968541,18,254.5584412271571
Musse,0.3887409916501053,-0.7872748173105362,18,254.5584412271571
Nola,0.368086864223105,-0.7832949169269514,19,261.5339366124404
Raki,0.3877333043696854,-0.8049553011664865,18,254.5584412271571
Seto,0.39849510683380174,-0.7932708199116976,18,254.5584412271571
Shandia Chief,0.3758492459548952,-0.7948630197746415,18,254.5584412271571
Warashi,0.37598992258917396,-0.7990327118873606,18,254.5584412271571
Wyper,0.3841216280946604,-0.7821244971826665,19,261.5339366124404
Yotsubane,0.38105852300021725,-0.8066198437704777,18,254.5584412271571
Baxcon,-0.0611234781056188,0.04127201158881464,48,415.6921938165305
Bian,-0.05682330440534779,0.036180353631211436,48,415.6921938165305
Bobomba,-0.06866374485865034,0.051173904490061636,48,415.6921938165305
Bomba,-0.06499487851671648,0.038653574620280746,48,415.6921938165305
Chao,-0.023856202715586264,0.053676995377520804,18,254.5584412271571
Cotton,-0.06801853248949154,0.04174264830533008,48,415.6921938165305
Daikon,-0.06379102195909536,0.048345723679376035,48,415.6921938165305
Flapper,-0.06233198655149863,0.037331400932437434,48,415.6921938165305
Grabba,-0.03707559700553219,0.07786545127028148,18,254.5584412271571
Inhel,-0.05668292483274992,0.04959238007494621,48,415.6921938165305
Cub,-0.055355530830983525,0.04349641025033568,48,415.6921938165305
Leo,-0.056681350336292353,0.03448293301275055,48,415.6921938165305
Mancherie,-0.03070950441498367,0.07642373926370447,18,254.5584412271571
Mouji,-0.049143898740925826,0.05236688901894903,48,415.6921938165305
Nubon,-0.05496140167494155,0.041359663618984056,48,415.6921938165305
Pellini,-0.05097664805043451,0.041528699046370514,48,415.6921938165305
Rampo,-0.05649388830509175,0.05124454516075094,48,415.6921938165305
Wicca,-0.060814159602282286,0.04424416126436193,48,415.6921938165305
Yves,-0.13681455316158686,0.09195435531818996,21,274.9545416973504
Benn Beckman,-0.13281682795129995,-0.2707848573337306,16,240.0
Bonk Punch,-0.12567215733465986,-0.2599958465761924,16,240.0
Building Snake,-0.12775760678673265,-0.26208207332806605,16,240.0
Fugar,-0.12970260790842342,-0.26192183914429185,16,240.0
Gabu,-0.11927291594734553,-0.2693911247163762,16,240.0
Ribbitini,-0.13793520437886553,-0.2599832361762676,16,240.0
Hongo,-0.11218351808127608,-0.26087126241483116,16,240.0
Lime Juice,-0.13944331385275918,-0.2672647454050767,16,240.0
Linaria,-0.12437189861396752,-0.2725334630322144,16,240.0
Lucky Roux,-0.11283132195695593,-0.2684300824406004,16,240.0
Monster,-0.11595536638919789,-0.2573816289647584,16,240.0
Crone Oli,-0.11229077708874613,-0.2658841923391852,16,240.0
Pururu,-0.14196522117950852,-0.2622866060646747,16,240.0
Rockstar,-0.10941312355021149,-0.2694898249837792,16,240.0
Shanks,-0.12811702818909743,-0.0880469639288886,65,483.73546489791295
Uta,-0.13333826250307532,-0.2584612860053091,16,240.0
Yasopp,-0.13164748579417773,-0.2770411952003026,16,240.0
Umit,-0.0982124293947051,0.21187051295571582,9,180.0
Brook,-0.09311012743994314,0.017159444617705823,120,657.2670690061993
Laboon,-0.2859681033806441,0.06729732796853757,4,120.0
Mizuuta Madaisky,-0.2795458245385572,0.07178869978551618,4,120.0
Mizuuta Mawaritosky,-0.28863282422508096,0.06199529887872917,4,120.0
Yorki,-0.27943432538816426,0.07867794941411684,4,120.0
Nezumi,0.277294943228584,0.911581908998756,0,0.0
Makino,0.48040029112202604,-0.8444793334446412,1,60.0
Woop Slap,0.49731487933155377,-0.8389896384531383,1,60.0
Aruyutayan V,-0.07302534957332835,0.9372356918846104,1,60.0
Mont Blanc Noland,-0.12654924027382927,0.931753883993544,2,84.8528137423857
Minatomo,0.7585174651446254,-0.3793311737713748,4,120.0
Panda Woman,0.7792421758717168,-0.3558724532499549,4,120.0
Sam,0.7615071114739234,-0.3494049624244372,4,120.0
Tomato Gang,0.7890676749606919,-0.3421641296783388,4,120.0
Yurusumaji Mask,0.7788688931977036,-0.3763448520340937,4,120.0
Adelle,0.35668317475206646,-0.7029789863393044,3,103.92304845413263
Fiyonce,0.35832475420746096,-0.6893762950600458,3,103.92304845413263
Hiramela,0.3491585724327499,-0.6524472371094205,3,103.92304845413263
Ishilly,0.3841764602041756,-0.684224832378175,3,103.92304845413263
Fukaboshi,0.40753254850944576,-0.0006905661072189105,5,134.1640786499874
Mamboshi,0.39890913060112393,0.0046765198513675915,5,134.1640786499874
Neptune,0.2906616742012059,-0.008081728416358106,12,207.84609690826525
Otohime,0.29242139865079364,-0.002334291738102889,12,207.84609690826525
Ryuboshi,0.40197917753136897,-0.012514125917816834,5,134.1640786499874
Shirahoshi,0.2966153268960947,-0.004800075085698346,12,207.84609690826525
Igaram,-0.0040535634787967085,0.13084131918694308,36,360.0
Terracotta,0.1437217725282611,-0.072045099414374,1,60.0
Ban Dedessinée,0.06279412350139413,0.1028731744593879,18,254.5584412271571
Cezar,0.05124087253557362,0.09194835287912188,18,254.5584412271571
Chap,0.050493365348439644,0.11132310601600916,18,254.5584412271571
Couran,0.049061344249066934,0.0873819711595937,18,254.5584412271571
Furrari,0.052126843816045966,0.10982774639276416,18,254.5584412271571
Iwatobi,0.058222700211548045,0.10667102807621151,18,254.5584412271571
Jeep,0.06465010068538421,0.11596308243509829,18,254.5584412271571
Lemoncheese,0.05716063298048879,0.10320806193780055,18,254.5584412271571
Mari,0.0602040525854902,0.0917003355465335,18,254.5584412271571
Moqueca,0.056033535748391074,0.09715301892904334,18,254.5584412271571
Nashi,0.06379005673302628,0.1121579601996291,18,254.5584412271571
Neggy,0.052925044447970346,0.10631073142077387,18,254.5584412271571
Sauce,0.05971344271922161,0.0880015008057896,18,254.5584412271571
Seki,0.06990177949639939,0.09558658070764163,18,254.5584412271571
Stroganoff,0.041518759438799076,0.08906924589086386,18,254.5584412271571
Tea IV,0.03698869199800491,0.10046355428447427,18,254.5584412271571
Tritobu,0.046310832740677904,0.09722216470408576,18,254.5584412271571
Wheel,0.06193693220008961,0.10948249264064162,18,254.5584412271571
Kicking Claw Force,0.03834634387061698,-0.07062940268466587,7,158.74507866387543
Chaka,0.04817895583950311,-0.057675224611121664,7,158.74507866387543
Koza,0.033565172146503834,0.07234582835978208,12,207.84609690826525
Nefeltari Cobra,-0.049914014780240934,0.01838572167020887,17,247.38633753705963
Nefeltari Titi,0.061329904758630586,-0.0514411417834094,7,158.74507866387543
Pell,0.03158475124180078,-0.0768154128615489,7,158.74507866387543
Victoria Cindry,0.18816318907177604,0.08981594873606254,22,281.4249455894058
Koze,0.07524495498218758,-0.12053381897059481,2,84.8528137423857
Packy,0.08541458262701696,-0.0003155937016380248,2,84.8528137423857
Baby Five,-0.08809357617917582,0.06941563980695871,67,491.12116631234704
Bartolomeo,-0.07989137180396302,0.06126007626872058,45,402.49223594996215
Boo,-0.04770428681038776,0.07969444564268433,46,406.9397989875161
Qing Jiao,-0.06164140109101226,0.0703257553191576,46,406.9397989875161
Columbus,-0.04721275521785132,0.05117868559482353,45,402.49223594996215
Farul,-0.06112532970592137,0.04575432948482957,45,402.49223594996215
Franky,-0.08261629501054926,0.06428840952572853,131,686.7313885355759
Gambia,-0.06571680775872372,0.046854568608449505,45,402.49223594996215
Gerd,-0.07145541601978786,0.058058963652037936,53,436.80659335683106
Goldberg,-0.0748461038251707,0.05025063944988998,53,436.80659335683106
Hajrudin,-0.07464551164607337,0.06514757578501014,53,436.80659335683106
Jinbe,0.03841578656280637,0.001860826897743899,265,976.7292357659824
Monkey D. Luffy,-0.07810683976460948,0.024649321703450713,166,773.0459236035076
Nami,-0.049482943297700185,-0.0013793591272736108,127,676.1656601750786
Nico Robin,-0.09585679345455884,0.06885415977658124,192,831.384387633061
Olombus,-0.06869077109428981,0.04584737157351203,45,402.49223594996215
Rodo,-0.07797635125091508,0.05639043157658139,53,436.80659335683106
Roronoa Zoro,-0.09537248687537435,0.014119473270801507,123,665.432190384565
Sai,-0.07977536212810533,0.07784762936685695,46,406.9397989875161
Sanji,-0.10132021377979293,0.039585902229600144,127,676.1656601750786
Stansen,-0.07494550979985325,0.0601838795955763,53,436.80659335683106
Suleiman,-0.0760873744745029,0.0993057573460245,54,440.9081537009721
Tony Tony Chopper,-0.10791848727365996,0.03366954077978772,131,686.7313885355759
Usopp,-0.08340271191755684,0.0028247071449931794,119,654.5227268781429
Tyrannosaurus,-1.0,0.1585560589854791,0,0.0
Babanuki,-0.06599687318615904,-0.04384908032396749,169,780.0
Daifugo,-0.06400322331299275,-0.03704273132065435,169,780.0
Gazelle-Man,-0.05846212407026167,-0.0368328137761818,169,780.0
Poker,-0.03937483045294892,-0.05104355444480967,100,600.0
Earth Boss,0.353858979534456,-0.6055308023418126,4,120.0
Forest Boss,0.3675015770685966,-0.5913565998940503,4,120.0
Uzuki Namida,-0.8875783113234171,-0.3172138148354572,1,60.0
Uzuki Tempura,-0.8681081206706853,-0.36677768727967586,1,60.0
Yama,-0.9104077011540969,-0.41680907233304343,0,0.0
Disco,0.5550955982098309,-0.8377316384630481,0,0.0
Gaburu,0.813435182793624,-0.5279804393799181,0,0.0
Iceberg,-0.05603136291684401,0.35126846461153877,17,247.38633753705963
Kokoro,-0.10667620459929338,0.26739592046097316,4,120.0
Tom,-0.12296629355416802,0.2642944443984368,4,120.0
Yokozuna,-0.13740693782941188,0.26811922166450475,4,120.0
Ange,0.44775317364773143,0.32147797878746465,14,224.49944320643647
Bent,0.4672903224126464,0.32967877485092706,14,224.49944320643647
Bjorn,0.4386468692433725,0.3380192911478899,14,224.49944320643647
Blade,0.44403326076092864,0.3203968661856645,14,224.49944320643647
Jaguar D. Saul,0.455112672702562,0.3271867830351763,14,224.49944320643647
Johanna,0.45634548855616347,0.31742382581658113,14,224.49944320643647
Karin,0.466403718327364,0.3163344934663368,14,224.49944320643647
Tusk,0.33749309361055385,0.24204941767742924,22,281.4249455894058
Mag,0.44851210009127274,0.3260458143726827,14,224.49944320643647
Olav,0.44165607305174787,0.33269265817971067,14,224.49944320643647
Ripley,0.4532740669228549,0.3339781083631241,14,224.49944320643647
Ronja,0.4504900690323177,0.33288919347448537,14,224.49944320643647
Skaldi,0.45840697230003846,0.3331214213911832,14,224.49944320643647
Wolf,0.4566443092351522,0.3220457230453132,14,224.49944320643647
Ylva,0.45150571008872714,0.3430515345927481,14,224.49944320643647
Carmel,-0.0794906148703724,0.21342809241321298,9,180.0
Don Quixote Doflamingo,-0.03378624898844083,0.07319386572915253,89,566.0388679233962
Drug Peclo,-0.08652037709540812,0.215809127579218,9,180.0
Giberson,-0.07384569081793173,0.2138821666426961,9,180.0
Jigra,-0.09476696817479502,0.21324182351614332,9,180.0
Du Feld,-0.0771984763022729,0.18500150408974042,14,224.49944320643647
Morgans,-0.09036081784128809,0.26105143376038825,11,198.997487421324
Stussy,-0.11353259891117784,0.24125082684458773,31,334.0658617698013
Buggy,-0.1003053946913474,0.018363009958186648,85,553.1726674375732
Charlotte Linlin,0.1324733347061942,-0.0187172001238949,119,654.5227268781429
Edward Newgate,-0.06093384491364154,-0.04762486138047903,88,562.8498911788116
Kaido,0.0034231263826424684,-0.024384682154858468,121,660.0
Marshall D. Teech,-0.11042426854658507,-0.022559619045830336,110,629.285308902091
St. Ethanbaron V. Nusjuro,-0.17729305173614524,0.048902513436295696,11,198.997487421324
Saint Figarland Garling,-0.13356179745901578,0.035464887293889046,13,216.33307652783935
Saint Figarland Shamrock,-0.11038870110558913,0.033598518177488206,13,216.33307652783935
St. Jaygarcia Saturn,-0.1940219481853737,0.053514425366485936,11,198.997487421324
Saint Manmayer Gunko,-0.1284324056648703,0.042100565487081666,13,216.33307652783935
St. Marcus Mars,-0.18769772242327862,0.05448552486485103,11,198.997487421324
Saint Rimoshifu Killingham,-0.13158551441490085,0.05022983820362931,13,216.33307652783935
Saint Satchels Maffey,-0.12620154876934883,0.05152361235354159,13,216.33307652783935
St. Shepherd Ju Peter,-0.18218215474787827,0.06375929085775138,11,198.997487421324
Saint Shepherd Sommers,-0.11815532161210729,0.039650768091761324,13,216.33307652783935
St. Topman Warcury,-0.185893239530711,0.06796854672883174,11,198.997487421324
Alvida,-0.15164778392004746,0.007339704558973429,18,254.5584412271571
Cabaji,-0.11471621107062258,0.08699575223231218,14,224.49944320643647
Crocodile,-0.041801342822241,0.09142936711381039,77,526.4978632435274
Daz Bonez,-0.06053991674767206,0.1353493116751651,41,384.1874542459709
Dracule Mihawk,-0.04788084832481631,0.09911037197692825,17,247.38633753705963
Galdino,-0.08436981151742251,0.11215635883347504,47,411.33927602406266
Mohji,-0.1254552571285285,0.08345980173341704,14,224.49944320643647
Richy,-0.11647129924937115,0.09299429928995169,14,224.49944320643647
Ramen,-0.11658198625977285,0.16081660664956152,4,120.0
Bluejam,-0.7270259451376991,0.5369649642409908,1,60.0
Porchemy,-0.6952495391140115,0.5819965814190664,1,60.0
Johnny,0.2695531920201095,0.8857084136966158,1,60.0
Yosaku,0.31929875783058337,0.8655459283277884,1,60.0
Blueno,-0.034622136582026175,0.2732482624687869,19,261.5339366124404
Fukurô,-0.05259311748723704,0.26128453177547684,19,261.5339366124404
Funkfreed,-0.047223428323153446,0.2724433183896427,19,261.5339366124404
Gismonda,-0.06278179731381861,0.31768345056249936,14,224.49944320643647
Guernica,-0.06720641693242815,0.3132345559025302,14,224.49944320643647
Hattori,-0.04500286541643322,0.27686645719863395,27,311.7691453623979
Jabra,-0.049534519554508646,0.2737854139651488,19,261.5339366124404
Joseph,-0.06709798899259418,0.31939440574173644,14,224.49944320643647
Kaku,-0.05227561331773014,0.2495081963328765,30,328.63353450309967
Kalifa,-0.06521767415000636,0.28811249830720737,27,311.7691453623979
Kumadori,-0.044141430224285676,0.2653653573898138,19,261.5339366124404
Maha,-0.06268119299298247,0.3223889640788926,14,224.49944320643647
Rob Lucci,-0.049143731773305395,0.2803940375144557,27,311.7691453623979
Spandam,-0.04065375709524154,0.2687273455254357,19,261.5339366124404
McKinley,0.378201896607435,-0.7436153869101048,4,120.0
Bellamy,-0.06603243374356536,0.16519588379941022,29,323.10988842807024
Buffalo,-0.1351657517162501,0.09641499492311001,21,274.9545416973504
Caesar Clown,-0.10237886387785107,0.1184265457869499,27,311.7691453623979
Dellinger,-0.1471237274841072,0.09148568584922857,21,274.9545416973504
Diamante,-0.12574274254857398,0.10511854063581076,21,274.9545416973504
Don Quixote Rocinante,-0.03919202934454137,0.042702651385731503,47,411.33927602406266
Giolla,-0.12975785812920893,0.09964049228892337,21,274.9545416973504
Gladius,-0.13152160725958803,0.10548745702995393,21,274.9545416973504
Kuween,-0.13265287496748118,0.09351095016820836,21,274.9545416973504
Lao G,-0.1305765052155746,0.09291713789517198,21,274.9545416973504
Machvise,-0.1310451076146228,0.08916217550373523,21,274.9545416973504
Pica,-0.12950307332880562,0.10041117296133566,21,274.9545416973504
Señor Pink,-0.13734702070328997,0.08755294382468054,21,274.9545416973504
Sugar,-0.13668928670371733,0.10132278073451403,21,274.9545416973504
Trafalgar D. Water Law,-0.08624613450561906,0.02853877720714258,118,651.7668294720129
Trebol,-0.12809893199882535,0.08289449044600279,21,274.9545416973504
Vergo,-0.13107830013129457,-0.002059972587186556,29,323.10988842807024
Viola,-0.06333436138915445,0.01722813675378256,25,300.0
Kurokoma,0.8333751064570862,0.47669714996423806,0,0.0
Chouchou,0.774847488068848,-0.5907738219603984,0,0.0
Stealth Black,-0.25102542638142084,0.21322982106007762,5,134.1640786499874
Vinsmoke Ichiji,-0.19056799046172662,0.1478648378512062,9,180.0
Vinsmoke Judge,-0.13887925229209505,0.15454009057268484,15,232.379000772445
Vinsmoke Niji,-0.19224620017519767,0.1600072765348786,9,180.0
Vinsmoke Reiju,-0.19127052617489096,0.14038008014354317,9,180.0
Vinsmoke Yonji,-0.19806243602951984,0.14674687904450429,9,180.0
Lasky,-0.02065703344661258,0.24926398856807702,14,224.49944320643647
Nero,-0.023806113268563116,0.2413937768947107,14,224.49944320643647
Spandine,-0.02113906843600322,0.24472197756448777,14,224.49944320643647
Tsumonsieur Kamaya,-0.017481414758946483,0.24421014845367073,14,224.49944320643647
Who's-Who,-0.03294704535215803,0.030768189640342843,114,640.6246951218786
Arlong,0.02390158934882617,-0.004013826683532926,48,415.6921938165305
Avalo Pizarro,-0.08360099018413812,0.04588416483986866,43,393.44631145812
Basilisk,-0.005550549083051173,0.040351547487187736,52,432.6661530556787
Bentham,-0.03665097105281237,0.0944020348490612,65,483.73546489791295
Catarina Devon,-0.08617661804454932,0.03957543975282402,43,393.44631145812
Domino,-0.02989330290857016,0.07050198195443096,31,334.0658617698013
Emporio Ivankov,-0.05751041924954449,0.08730108056015788,49,420.0
Francois,-0.04045665377174879,0.06689560410777297,31,334.0658617698013
Hannyabal,-0.038160196751789686,0.06522308428407447,31,334.0658617698013
Inazuma,-0.06132304408590086,0.08526171661481013,49,420.0
Magellan,-0.033445300343262215,0.061354775014551104,31,334.0658617698013
Minochihuahua,-0.05228907129344336,0.07299157897055392,31,334.0658617698013
Minokoala,-0.005767990000014503,0.037740373909591486,52,432.6661530556787
Minorhinoceros,-0.006349215021255721,0.03740767320185728,52,432.6661530556787
Minotaur,-0.010354075687279354,0.03858907351361484,52,432.6661530556787
Minozebra,-0.006932659982598318,0.03531181593018977,52,432.6661530556787
Notta Magician,-0.05746864614919932,0.053009885939628146,31,334.0658617698013
Portgas D. Ace,-0.12244108061762254,-0.03375399987603384,128,678.8225099390856
Sadie,-0.04346788246466238,0.06784261435026019,31,334.0658617698013
Saldeath,-0.042486564365738826,0.06478495728311115,31,334.0658617698013
San Juan Wolf,-0.08502147416388411,0.0373787491135475,43,393.44631145812
Shiki,0.008272238103123023,0.05213934788941524,50,424.26406871192853
Shiryu,-0.08463126745973425,0.037168245160337836,43,393.44631145812
Sphinx,-0.0065733010899449345,0.032059467945832344,52,432.6661530556787
Antlerkov,-0.045760407697746246,0.05886354158513901,31,334.0658617698013
Bunkov,-0.03911655606958675,0.06026322572181981,31,334.0658617698013
Vasco Shot,-0.08985835573672306,0.034194123201466836,43,393.44631145812
Basil Hawkins,-0.0440578974815625,-0.04482829087911839,101,602.9925372672534
Faust,-0.2176102983562482,0.08573401030984772,1,60.0
Hyogoro,-0.11863335887500359,-0.011560616814389702,79,533.2916650389353
Otaka,-0.34023189054396247,0.022821867454287215,1,60.0
Thanklin,0.7459398500979645,0.5827131219468538,0,0.0
Flair,0.9790442878966187,0.004183119559993018,0,0.0
Doll,-0.34967526139410027,-0.3389390600860608,2,84.8528137423857
Kujaku,-0.21246455782640347,-0.2690469687216611,6,146.96938456699067
Prince Grus,-0.2268024820448133,-0.25371408296376957,6,146.96938456699067
Tsugaru Umi,-0.715113448828208,-0.6392808058172247,0,0.0
Ryce,0.6010166802510385,0.7532976237298559,0,0.0
St. Imu,0.04718135606451732,0.013617352789643284,27,311.7691453623979
Camel,-0.1830205863067524,0.05656240692186396,16,240.0
Polo Gram,-0.7565888458692624,-0.6484284301111347,0,0.0
Amazon,0.37021600941264754,-0.7376649029730413,2,84.8528137423857
Warazane,-0.7877776547189925,-0.5852849666828963,0,0.0
D.R.,-0.37863920856248223,0.9176180984455283,0,0.0
Ashura Doji,-0.11260946351841555,-0.021417479660323598,90,569.2099788303083
Home,-0.3545533122753425,-0.005257348022123359,1,60.0
Jorul,0.2630941899065362,0.13118082446672386,10,189.73665961010278
Loki,0.3528286820069153,0.0918544102872667,2,84.8528137423857
Ragnir,0.36427905645578856,0.08829773169756944,2,84.8528137423857
Charlotte Akimeg,0.17438399516368758,-0.029663058108767827,102,605.9702963017246
Charlotte Allmeg,0.18421910557816776,-0.025710757093091972,102,605.9702963017246
Charlotte Fuyumeg,0.1830683972292054,-0.04002141770671704,102,605.9702963017246
Charlotte Harumeg,0.1788652024753873,-0.02036326183202839,102,605.9702963017246
Charlotte Newshi,0.17356279424087262,-0.02035987868176369,102,605.9702963017246
Charlotte Nutmeg,0.1700856484908246,-0.04528747532272442,102,605.9702963017246
Denjiro,-0.07673465938798121,-0.021755520208856377,109,626.4183905346331
Kuni,0.00777996951060949,0.17376181473694902,3,103.92304845413263
Suke,0.019569019107314217,0.15774692385927797,3,103.92304845413263
Rolling Logan,0.04010439464629662,-0.9965906506046098,0,0.0
Duval,-0.9026004549337502,-0.06068825232059226,1,60.0
Motobaro,-0.8971164809754405,-0.12269945792988116,1,60.0
Charlotte Lola,0.2063163971956212,-0.025522065627826603,86,556.4171097297423
Risky Brothers,0.18844941488198294,0.06924541018476191,24,293.93876913398134
Mecha-Shark,-0.29301338914404157,0.3927611284935927,3,103.92304845413263
Recycollie,-0.31328044835518337,0.36743486699656774,3,103.92304845413263
Masira,-0.2107747604662671,0.9112132609978614,2,84.8528137423857
Mont Blanc Cricket,-0.19184439875240078,0.9247970553283755,3,103.92304845413263
Shojoe,-0.17852094985037636,0.9393651244757133,2,84.8528137423857
Shirano,0.8294518085625037,-0.5591754146732164,0,0.0
Indigo,-0.16224307549911207,0.07603303353000873,2,84.8528137423857
Tsukimi,0.17794896449474037,0.9660902472954737,0,0.0
Chimney,-0.9096183172485253,0.34921915938732156,0,0.0
Birdy,-0.5848164257943198,0.6546473780329203,5,134.1640786499874
Googly,-0.607272623108124,0.653394644765459,5,134.1640786499874
Spots,-0.6164018893821447,0.6501015451466093,5,134.1640786499874
Scales,-0.6211991028430917,0.6678802798029935,5,134.1640786499874
Topknot,-0.6042048768502664,0.66719127218086,5,134.1640786499874
Chin,-0.5846100998676373,0.6640337954676233,5,134.1640786499874
Purinpurin,-0.13348680993196083,-0.9428810601224713,0,0.0
Attach,-0.11286479277915974,0.4076553106011038,2,84.8528137423857
Yuwana Myclose,-0.12582087233057063,0.4206737116111581,2,84.8528137423857
Tu-tu,-0.9499788340601214,-0.0881306549919146,0,0.0
Eric,0.0971559082415029,0.2073094730181166,5,134.1640786499874
Kebi,0.06205112365807995,0.17555344889097962,6,146.96938456699067
Mr. Love,-0.002950235486013671,0.1550800182528703,40,379.47331922020555
Natto,0.07076058488852982,0.1743332156889094,6,146.96938456699067
Okame,0.07477182707390245,0.16337741137378894,6,146.96938456699067
Dagama,-0.4965880172707844,0.562632903005372,1,60.0
Elizabero II,-0.45641582440802,0.5976126389377727,1,60.0
Dr. Vegapunk,-0.07190565063436638,0.17218924763810609,6,146.96938456699067
Spoil,0.303525204949936,0.01689983650765436,2,84.8528137423857
Absalom,0.1758237597160531,0.10410544096360183,22,281.4249455894058
"Gyoro, Nin, Bao",0.18151387591743512,0.10001907511073255,22,281.4249455894058
Oinkchuck,0.18807613432038706,0.08953305979938576,22,281.4249455894058
Cerberus,0.07075611987233434,0.07468079328019356,30,328.63353450309967
Ganzui,0.11984917295540949,0.06563949317534672,37,364.96575181789314
Gecko Moria,0.08424428868333539,0.08886241800063092,33,344.6737587922817
Gill Bastar,0.13182585114432516,0.06736896392515285,37,364.96575181789314
Gyoro,0.16469910286649417,0.07781070998095682,22,281.4249455894058
Hildon,0.1780139025140518,0.09310895750831621,22,281.4249455894058
Hippo Gallant,0.17959911902097028,0.10929067313529583,22,281.4249455894058
Hogback,0.18068793849400794,0.10199656134506356,22,281.4249455894058
Jigoro,0.19357313942879428,0.09677434586193172,22,281.4249455894058
John,0.12513065001693188,0.07540914240699274,37,364.96575181789314
Kumacy,0.1968559030811272,0.10178636040151941,22,281.4249455894058
Lola,0.18674256952332227,0.08301245031572971,22,281.4249455894058
McTreenald,0.1966129710946042,0.09107523904034782,22,281.4249455894058
Oars,0.17950379544576534,0.09369592555373833,22,281.4249455894058
Perona,0.1915285963075574,0.10218981587909724,22,281.4249455894058
Ryuma,0.1868529558267634,0.09431550110417819,22,281.4249455894058
Tararan,0.18733033076752076,0.10746764746864788,22,281.4249455894058
Unigaro,0.18503072100457693,0.10563508994086677,22,281.4249455894058
Marie,-0.03733172951419332,-0.9793404247896079,0,0.0
Choo,0.10139168848027268,-0.05475320807869132,18,254.5584412271571
Hatchan,0.14890866297083377,-0.08633541543558006,20,268.3281572999748
Kaneshiro,0.09765915292448206,-0.04417292452240275,18,254.5584412271571
Kuroobi,0.08514373011354259,-0.05354083732401353,18,254.5584412271571
Momoo,0.02574002390833948,-0.11617154263237081,11,198.997487421324
Pisaro,0.09593138954948965,-0.054025346320855414,18,254.5584412271571
Saltgrill,0.06154748436454079,-0.1037118368319068,9,180.0
Take,0.05918789195852448,-0.1355082677807889,9,180.0
Onimaru,-0.16498381010808838,-0.01525949306291286,40,379.47331922020555
Choco-Police,0.3019645764687987,-0.08679911044298966,2,84.8528137423857
Nitro,0.1750168473800587,-0.049288502972372895,94,581.7215828899596
Rabiyan,0.18465330275567732,-0.05193548893887415,94,581.7215828899596
Dumas Regal IX,-0.19081310144591895,0.34837015408758254,4,120.0
Dumas Fayes,-0.16394351993898737,0.34575601095405173,4,120.0
Didit,-0.1520333948935919,0.362769056721462,4,120.0
Sabo,-0.13429328448644376,0.18998586954009844,28,317.49015732775086
Sally Isntoinette,-0.1629123245624608,0.35759460357632167,4,120.0
Heppoko,-0.28900730459641244,-0.223839039338405,4,120.0
Coby,-0.2160734553786486,-0.2575070356804945,14,224.49944320643647
Peppoko,-0.2818370139728542,-0.1957123624245357,4,120.0
Poppoko,-0.27754646561837415,-0.20126937314571156,4,120.0
Inuppe,-0.46860657296786445,0.869164148072987,0,0.0
Hanger,-0.03556570676879604,-0.29109524994276686,4,120.0
Ipponmatsu,-0.03300847049065833,-0.2868515458684517,4,120.0
Ippon Ume,-0.03047485003118311,-0.29113181456812326,4,120.0
Smoker,-0.08977013533400846,-0.19440156141897058,11,198.997487421324
Tashigi,-0.08393765654076898,-0.18060061500544822,11,198.997487421324
Kozuki Toki,-0.14526885386003976,-0.06879313147771257,125,670.820393249937
Chess,-0.304324109880614,-0.7622822030336228,4,120.0
Chessmarimo,-0.3022523737974012,-0.7706049752168287,4,120.0
Kuromarimo,-0.3015145346403492,-0.7435052822408572,4,120.0
Robson,-0.30975257265662204,-0.7527651241835036,4,120.0
Wapol,-0.2983510679933393,-0.7865976250970015,6,146.96938456699067
Shakuyaku,0.12584808694405666,0.34478594027615356,23,287.74989139876317
Boogie,-0.24767646979646107,-0.02031389565715121,21,274.9545416973504
Bubblegum,-0.25104310628766985,-0.00994240450409955,21,274.9545416973504
Compo,-0.24375453373032915,-0.028086716548890632,21,274.9545416973504
Disc J,-0.2507935187884624,-0.0020966572632601134,21,274.9545416973504
Dive,-0.24826282440277594,-0.035906748354327354,21,274.9545416973504
Emma,-0.25218946705960427,-0.026771355813467502,21,274.9545416973504
Eustass Kid,-0.14079267532955525,-0.01307366641949282,96,587.8775382679627
Gig,-0.25218675975102545,-0.03308744475753226,21,274.9545416973504
Heat,-0.14116972908645323,-0.016954018416948144,96,587.8775382679627
Hip,-0.24215757418418984,-0.021427421344025834,21,274.9545416973504
Hop,-0.23490355004641525,-0.008043669507020009,21,274.9545416973504
House,-0.2553235170373107,-0.011916403621404368,21,274.9545416973504
Jagger,-0.2444233945133788,-0.0020186017368116413,21,274.9545416973504
Killer,-0.1411615878760601,-0.015169009543062594,96,587.8775382679627
Moai,-0.2437540426954644,-0.012927410100776804,21,274.9545416973504
Mosh,-0.2547861445304275,-0.03911659397928649,21,274.9545416973504
Papas,-0.24655413994844907,-0.03418981567909086,21,274.9545416973504
Pomp,-0.25914872627538077,-0.018638748682869594,21,274.9545416973504
Quincy,-0.2540485732014476,-0.025521502418760573,21,274.9545416973504
Reck,-0.25413035531907696,-0.020361626819523918,21,274.9545416973504
UK,-0.25610506662425186,-0.024941507655601724,21,274.9545416973504
Wire,-0.14296203943075642,-0.011975134781856769,96,587.8775382679627
Kyros,0.19397721722602326,-0.11917212009642436,13,216.33307652783935
Riku Doldo III,0.06940483611169128,-0.12778410046642746,4,120.0
Scarlet,0.06746013759565621,-0.1572301223646817,4,120.0
Tank Lepant,0.0760565247021767,-0.127011349631936,4,120.0
Jigokukamabuta Megatenpanchiro,-0.2535713509331431,0.031913437005570304,7,158.74507866387543
Shimotsuki Koshiro,-0.24129974795827025,0.04417614502599558,7,158.74507866387543
Shimotsuki Kozaburo,-0.2557449245752965,0.03821931526526694,7,158.74507866387543
Shimotsuki Kuina,-0.26055578540736646,0.027668027996994898,7,158.74507866387543
Shimotsuki Ryuma,-0.20509403860490313,-0.01939506254349845,10,189.73665961010278
Toko,-0.30024200604180995,0.04287448259356896,9,180.0
Aggie 68,-0.21236824420937736,-0.1395251351230849,19,261.5339366124404
Banshee,-0.2131604078695016,-0.14257882831759908,19,261.5339366124404
Barry,-0.22860311336669925,-0.1385864464354787,19,261.5339366124404
Cornelia,-0.2273138837152103,-0.13510842455635394,19,261.5339366124404
Dogya,-0.2167735187691802,-0.13212315680074538,19,261.5339366124404
Ducky Bree,-0.21593207780211715,-0.13616828047399418,19,261.5339366124404
Finamore,-0.21386132854258305,-0.15174067505694766,19,261.5339366124404
Ganryu,-0.19158114213394697,-0.10609381298225982,50,424.26406871192853
Hublot,-0.2236162313761416,-0.14086083076294517,19,261.5339366124404
Kimel,-0.21010478474417085,-0.13964576194641326,19,261.5339366124404
Kotatsu,-0.21152208096555158,-0.14592636748541388,19,261.5339366124404
Kukai,-0.16629710287129856,-0.10765049334953215,83,546.626014748658
Leonero,-0.2183544435974961,-0.13161770260664912,19,261.5339366124404
Masked Deuce,-0.1604284495083687,-0.11709800641519821,83,546.626014748658
Mihal,-0.17664961372929253,-0.09646965512353049,83,546.626014748658
Ossamond,-0.2271703348136268,-0.16135256159643865,19,261.5339366124404
Saber,-0.21718063414191205,-0.1351122429349642,19,261.5339366124404
Skull,-0.16710192619425143,-0.10390632051240042,83,546.626014748658
Wallace,-0.2171836323002404,-0.15417017403227293,19,261.5339366124404
Caribou,-0.10604413816329099,-0.07270967703523919,90,569.2099788303083
Coribou,-0.1494095893070641,-0.19026065350304502,12,207.84609690826525
Karma,-0.1570506283707055,-0.12137566550687781,69,498.3974317750845
Sarai,-0.31233117761563745,-0.30944003038491935,1,60.0
Aladdin,0.17830272389997795,-0.00937451995687765,22,281.4249455894058
Hordy JonesHody Jones,0.37855902653120493,0.020617413580809017,22,281.4249455894058
Hoe,0.32916523563656064,-0.08559312265250867,12,207.84609690826525
Megalo,0.2513460668371534,-0.02545905469396258,9,180.0
Minister of the Left,0.26009119178626455,-0.017329867773896106,9,180.0
Minister of the Right,0.25925055007988185,-0.012722087603337815,9,180.0
Genzo,-0.9693344797085476,0.136512024957639,0,0.0
Helmeppo,-0.1909963335294133,-0.29367405844421196,10,189.73665961010278
Kibagaeru,-0.2288900581713579,0.13362651516400278,16,240.0
Sarfunkel,0.4519628511843346,0.8871178114562425,0,0.0
Karoo,-0.030498182178920027,0.11441961765804949,46,406.9397989875161
Junan,0.5728561884410375,-0.011599447321741044,1,60.0
Pappagu,0.40605676612351105,-0.11628413180494314,3,103.92304845413263
Sasaki,-0.043912055758668925,-0.0652008174392699,100,600.0
Bazeko,-0.11517079686858178,-0.15953347253408384,8,169.7056274847714
Gal,-0.1367341301860114,-0.16533562400098437,8,169.7056274847714
Jero,-0.12646637076600212,-0.15777119538222636,8,169.7056274847714
Pike,-0.12270967779953901,-0.15956333627572175,8,169.7056274847714
Yarisugi,-0.1304694808564492,-0.16460228467750096,8,169.7056274847714
Boa Hancock,0.040270792711072645,0.2230606578693315,26,305.9411708155671
Boa Marigold,0.10349644121067689,0.33494267167901104,15,232.379000772445
Boa Sandersonia,0.09991341557338945,0.32102785341164625,15,232.379000772445
Bekori,-0.3112324883470372,0.13860209580645447,2,84.8528137423857
Bulldog,-0.33111353194066584,0.13364848325925036,2,84.8528137423857
Eddy,0.028493278623170904,0.28420260941416897,8,169.7056274847714
Hewitt,0.04264862848500092,0.28260654577354105,8,169.7056274847714
Lily,0.03426217623659916,0.2727760950449483,8,169.7056274847714
Mani,0.03321811972349325,0.2636628604410221,8,169.7056274847714
Mjure,0.017589562505599007,0.2894349007081737,8,169.7056274847714
Rivers,0.01970146144420636,0.28111825846476063,8,169.7056274847714
Ross,0.043943693546379684,0.267693061796511,8,169.7056274847714
Sarquiss,0.033572224815631865,0.29082219596074915,8,169.7056274847714
Margarita,0.8753060366949201,0.4618615716202996,0,0.0
Akumai,-0.047026933819657044,0.16223452417030404,35,354.96478698597696
Babe,-0.04434130060538957,0.1637377859044898,35,354.96478698597696
Bunch,-0.03095956529813039,0.14641321729618065,35,354.96478698597696
Drophy,-0.04176912533005454,0.1580756338749546,35,354.96478698597696
Gem,-0.03943974851291369,0.16434634813193919,35,354.96478698597696
Lassoo,-0.047300878791078624,0.1537530612630925,35,354.96478698597696
Marianne,-0.04343476308767563,0.16161337510970716,35,354.96478698597696
Mikita,-0.04787595124626572,0.15778859635601816,35,354.96478698597696
Miss Katherina,-0.055084911507127333,0.1583893356996624,35,354.96478698597696
Miss Father's Day,-0.03550434810883513,0.16003203908097624,35,354.96478698597696
Miss Friday,-0.04079934205666235,0.16584075809704935,35,354.96478698597696
Miss Monday,-0.027137253850802272,0.16029040551781829,35,354.96478698597696
Ms. Mother's Day,-0.05098937292715486,0.1573464724914503,35,354.96478698597696
Ms. Saturday,-0.032213707729039344,0.15979828683774563,35,354.96478698597696
Ms. Thursday,-0.03142563322051636,0.15202714934166703,35,354.96478698597696
Ms. Tuesday,-0.04998516824474991,0.16327870964566182,35,354.96478698597696
Mr. 6,-0.03259543285675701,0.16344711262523484,35,354.96478698597696
Mr. 7,-0.05214852830575859,0.15445623363560645,35,354.96478698597696
Mr. 9,-0.024496575227810274,0.15768008860222313,35,354.96478698597696
Mr. 10,-0.03734883224017736,0.15055000456795928,35,354.96478698597696
Mr. 11,-0.03788653557032,0.16355624565360455,35,354.96478698597696
Mr. 12,-0.03813277995637832,0.15818105790392273,35,354.96478698597696
Mr. 13,-0.025476485452421392,0.15080162798289348,35,354.96478698597696
Mr. Beans,-0.0435855304407672,0.15190678395096174,35,354.96478698597696
Mr. Melow,-0.049525771340820604,0.1662718048396538,35,354.96478698597696
Mr. Shimizu,-0.02797737382695881,0.15414842086688776,35,354.96478698597696
Zala,-0.03262659533530134,0.16680781097857666,35,354.96478698597696
Zeff,-0.1955346124321875,0.15251288697994278,4,120.0
Squard,-0.13565214685875557,-0.11464534729157916,68,494.77267507411926
Warney,-0.9584649251047751,0.06356392843646061,0,0.0
Bouche,0.16160448550839485,-0.04579766253968484,93,578.6190456595773
Capone Pez,0.202998546330462,-0.051374056972062626,87,559.642743185329
Charlotte Amande,0.17476458345832194,-0.032891296066710055,102,605.9702963017246
Charlotte Anana,0.16544485032080683,-0.030326995064154053,102,605.9702963017246
Charlotte Angel,0.17927395345477573,-0.019630915239786034,102,605.9702963017246
Charlotte Anglaise,0.18581409704141025,-0.04451457591645316,102,605.9702963017246
Charlotte Basans,0.1703103293726315,-0.020569050913660847,102,605.9702963017246
Charlotte Bassquarte,0.17248014319842905,-0.024169315392242634,102,605.9702963017246
Charlotte Bavarois,0.18769802231520902,-0.03767343201830729,102,605.9702963017246
Charlotte Brownie,0.16617315989055007,-0.026729579701718725,102,605.9702963017246
Charlotte Broye,0.16527331008805402,-0.020074389838507407,102,605.9702963017246
Charlotte Brulee,0.19953717020232822,-0.03157138445438527,102,605.9702963017246
Charlotte Cabaletta,0.1762063624944305,-0.03839348742558539,102,605.9702963017246
Charlotte Cadenza,0.18097895158797506,-0.03072952486364399,102,605.9702963017246
Charlotte Chiboust,0.15484639324514282,-0.04641186960839602,102,605.9702963017246
Charlotte Chiffon,0.20697743290480325,-0.050258091316604185,87,559.642743185329
Charlotte Cinnamon,0.1912245380250401,-0.02503213792865693,102,605.9702963017246
Charlotte Citron,0.1842593442284113,-0.03424204689166389,102,605.9702963017246
Charlotte Compo,0.1791311506296836,-0.016913919253099197,102,605.9702963017246
Charlotte Compote,0.18336667290367145,-0.037552687810573165,102,605.9702963017246
Charlotte Cornstarch,0.18296928719658026,-0.014071636104850594,102,605.9702963017246
Charlotte Counter,0.18143239431259192,-0.028774132289559648,102,605.9702963017246
Charlotte Cracker,0.16999509319589545,-0.03489811286016725,102,605.9702963017246
Charlotte Custard,0.17233668216081985,-0.030987511168586095,102,605.9702963017246
Charlotte Dacquoise,0.17573376826821047,-0.035537316679996885,102,605.9702963017246
Charlotte Daifuku,0.172627394068717,-0.026235088133795572,102,605.9702963017246
Charlotte De-Chat,0.2027006829798367,-0.03337672139399159,84,549.9090833947008
Charlotte Dolce and Dragée,0.17894082520630178,-0.04099460401027334,102,605.9702963017246
Charlotte Dosmarche,0.18162975485731853,-0.021764839857221236,102,605.9702963017246
Charlotte Effiler,0.188882103254991,-0.011933484668503712,102,605.9702963017246
Charlotte Flampe,0.19507434854493372,-0.025899100900642992,102,605.9702963017246
Charlotte Gala,0.20213843984571947,-0.043612595391251736,84,549.9090833947008
Charlotte Galette,0.1941973964780617,-0.01982577294825809,102,605.9702963017246
Charlotte Hachee,0.1874804091142619,-0.023055674892764156,102,605.9702963017246
Charlotte High-Fat,0.18623099857602735,-0.029144575765155646,102,605.9702963017246
Charlotte Joconde,0.1674035418735527,-0.03464248303178415,102,605.9702963017246
Charlotte Joscarpone,0.17001101676194283,-0.03534378813901436,102,605.9702963017246
Charlotte Kanten,0.1819476700021952,-0.01582043467807622,102,605.9702963017246
Charlotte Katakuri,0.1774382679483247,-0.028952736587636144,102,605.9702963017246
Kato,0.19291811225182645,-0.04980633164205317,102,605.9702963017246
Charlotte Laurin,0.17259112474751004,-0.025748340625123177,102,605.9702963017246
Charlotte Maple,0.1712222544329379,-0.0318387219312741,102,605.9702963017246
Charlotte Marble,0.1660103515711083,-0.029522298542534024,102,605.9702963017246
Charlotte Marnier,0.17943030148268885,-0.032804756570185,102,605.9702963017246
Charlotte Mascarpone,0.1822720346450691,-0.039351217757025825,102,605.9702963017246
Charlotte Mash,0.18096590692774828,-0.02849784239529733,102,605.9702963017246
Charlotte Melise,0.16738372036413646,-0.03351037129617353,102,605.9702963017246
Charlotte Mobile,0.17575612938227136,-0.030256110295462844,102,605.9702963017246
Charlotte Monder,0.18954868178446937,-0.03855583411673196,102,605.9702963017246
Charlotte Montd'OrCharlotte Mont-d'Or,0.17614970703805388,-0.04036235746134682,102,605.9702963017246
Charlotte Montb,0.1624896122587686,-0.04909074620928118,102,605.9702963017246
Charlotte Moscato,0.18082413013664947,-0.017077702332700114,102,605.9702963017246
Charlotte Mozart,0.17915075943197797,-0.034801776268240305,102,605.9702963017246
Charlotte Myukuru,0.18514307499705518,-0.04308378525099645,102,605.9702963017246
Decuplets,0.17440721686529959,-0.017332986935241095,102,605.9702963017246
Charlotte Noisette,0.17231086020085148,-0.0359785343095691,102,605.9702963017246
Charlotte Normande,0.20479753138231505,-0.034688258855519995,84,549.9090833947008
Charlotte Nougat,0.17586302735877135,-0.021125036593054432,102,605.9702963017246
Charlotte Nusstorte,0.18285140566288607,-0.039548435886085045,102,605.9702963017246
Charlotte Opera,0.16765668554754176,-0.018914250477729946,102,605.9702963017246
Charlotte Oven,0.17304039222830409,-0.029592575454264566,102,605.9702963017246
Charlotte Panna,0.1815696028788652,-0.040827124336402065,102,605.9702963017246
Charlotte Perospero,0.18999710167834483,-0.03078176912317216,102,605.9702963017246
Charlotte Poire,0.1797341428584934,-0.03359594561934106,102,605.9702963017246
Charlotte Praline,0.16069328803669194,-0.033768172119841906,115,643.4283176858164
Charlotte Prim,0.17714744805572552,-0.020405598707555622,102,605.9702963017246
Charlotte Pudding,0.18365620805622448,-0.0285865001336687,102,605.9702963017246
Charlotte Raisin,0.1734763720451415,-0.02405173544176805,102,605.9702963017246
Charlotte Saintmarc,0.1851130830765034,-0.01669222478081716,102,605.9702963017246
Charlotte Smoothie,0.1687089366745414,-0.03679620217486524,102,605.9702963017246
Charlotte Snack,0.16967129315071466,-0.020923537569172375,102,605.9702963017246
Charlotte Tablet,0.16744285682558205,-0.028750967284547624,102,605.9702963017246
Charlotte Wafers,0.2073480597414622,-0.0360134683522996,84,549.9090833947008
Charlotte Uiro,0.20226647862018102,-0.03594013592023527,84,549.9090833947008
Charlotte Yuen,0.16796138332989557,-0.03178064800424892,102,605.9702963017246
Charlotte Zuccotto,0.1785318366225229,-0.02783573300171226,102,605.9702963017246
Kingbaum,0.17635160622665347,-0.028889916810121305,102,605.9702963017246
Pound,0.20214789177738546,-0.03096232154005632,84,549.9090833947008
Bishamon,-0.03683473542974992,-0.05837726521077565,110,629.285308902091
Chome,-0.03410457571237021,-0.07468868580443562,110,629.285308902091
Daikoku,-0.03623030652902731,-0.06542313568089558,110,629.285308902091
Fujin,-0.021502870696576807,-0.08024683726038252,110,629.285308902091
Fukurokuju,-0.05700064109832083,-0.05695998721218434,141,712.460525222275
Hanzo,-0.03135506235938011,-0.057267722755834666,100,600.0
Jigoku-Benten,-0.03656877700276632,-0.07813616024375059,110,629.285308902091
Kazekage,-0.04543597578516758,-0.05913321635762349,100,600.0
Raijin,-0.03996451897495198,-0.08028139902920636,110,629.285308902091
Sarutobi,-0.025574829407161877,-0.06154220048797054,100,600.0
Yazaemon,-0.018153094313113526,-0.06573545103741651,100,600.0
Don Quixote Mjosgard,0.04358950102527904,-0.0033002086760597457,27,311.7691453623979
Saint Donquixote Shivercalero,0.05265065842382001,0.002937645369050436,27,311.7691453623979
Wanze,-0.5194185865487875,-0.8438759341519504,0,0.0
Mochi,0.41432195273300193,0.8678971058220359,0,0.0
Bobby Funk,-0.9535667904821239,0.26873600615743837,1,60.0
Kelly Funk,-0.9360079546088038,0.3280359717194237,1,60.0
Pekoms,0.14811640290042882,-0.0423713555022287,95,584.8076606885378
Zepo,0.054814964308074386,-0.17012402814852098,2,84.8528137423857
Gyaro,0.11990491751363799,-0.05860983012217771,14,224.49944320643647
Tansui,0.11148114622098781,-0.05919219464699899,14,224.49944320643647
Fisher Tiger,0.12401411457246346,-0.054085150172204687,14,224.49944320643647
Koala,0.006440547113622368,0.06406772816990737,33,344.6737587922817
Wadatsumi,0.1981587518354363,-0.0015746554625626792,17,247.38633753705963
Ninjin,-0.19792323960394798,-0.1734396568008639,3,103.92304845413263
Pieman,-0.21112146238388071,-0.16912966115271755,3,103.92304845413263
Tamanegi,-0.23074535143373764,-0.14440748806159182,3,103.92304845413263
Kasa,0.9324527153447966,-0.34769174237272116,0,0.0
X. Barrels,-0.26785019235330176,0.04400933733258744,1,60.0
Gary,0.9332811291351105,-0.06931401360988423,0,0.0
Scratchmen Apoo,-0.03804749541927392,-0.04530816861112082,100,600.0
Vinsmoke Sora,-0.18239393180814478,0.13952751023686602,8,169.7056274847714
Roshio,0.9499565497923945,0.2806769132574686,0,0.0
Ganfor (VIZ,-0.8206563534277221,0.5189250309509184,0,0.0
Ageha Woman,-0.016757780735056342,-0.0436543902955449,100,600.0
Alpaca-Man,-0.02122704136629338,-0.05408258388794526,100,600.0
Bao Huang,-0.021326816476120454,-0.05692682988749209,100,600.0
Batman,-0.015411110160653545,-0.03654068529270817,100,600.0
Grasshopper-Man,-0.020874815470316267,-0.06371279861802134,101,602.9925372672534
Bee-Girl,-0.033849485961450695,-0.04590823957797021,101,602.9925372672534
Beetle-Man,-0.01741225196492257,-0.07385078990480633,100,600.0
Bishonure-Onna,-0.026564895342912433,-0.05768310284290748,100,600.0
Bisley,-0.03667532149529646,-0.048400126579184084,101,602.9925372672534
Black Maria,-0.020998026355125047,-0.07834345130231285,100,600.0
Briscola,-0.01969960343326024,-0.046833559468347684,100,600.0
Caiman Lady,-0.010523516118137984,-0.05549760988445271,100,600.0
Caucasus-Man,-0.01559447507870182,-0.06117385217528537,101,602.9925372672534
Chochin-Man,-0.03744480743604306,-0.0667143720470845,100,600.0
Dobon,-0.016708605182759854,-0.05913051172429499,100,600.0
Donannoyo,-0.01052337057944937,-0.05123812609455641,100,600.0
Doubt Brothers,-0.03380939239184973,-0.07424230072326532,100,600.0
Fourtricks,-0.024749907696144047,-0.0446253700536861,100,600.0
Fuga,-0.026152270317632956,-0.049992614762237625,100,600.0
Gangaru,-0.027633617102319777,-0.07388323419464382,101,602.9925372672534
Garudan,-0.047387824415546995,-0.06949550045344702,101,602.9925372672534
Ginrummy,-0.03265071694702566,-0.045118537334155766,100,600.0
Goki,-0.03769337567850316,-0.03119547166135533,100,600.0
Gorishiro,-0.039189110633161196,-0.05236809212473711,100,600.0
Hamlet,-0.06004345326015486,-0.033700947569867336,169,780.0
Haccha,-0.012092923895185816,-0.05754956374940099,100,600.0
Hatsume,-0.03288960495851402,-0.05145030738260291,101,602.9925372672534
Hawk-Man,-0.013315072080689546,-0.06284691790428126,100,600.0
Hihimaru,-0.05892050485958105,-0.03955117594810686,169,780.0
Himuro,-0.04646122379310505,-0.06426408597355189,111,632.1392251711643
Hippan Natte,-0.023788198345158697,-0.06536244019408768,100,600.0
Holdem,-0.008930085512431083,-0.06119324996023775,100,600.0
Horse-Man,-0.021999030691233504,-0.07020896328498753,100,600.0
Hotei,-0.03912474332588291,-0.07203522663750446,110,629.285308902091
Ibiributsu,-0.008545814753737094,-0.06765236444177991,100,600.0
Inbi,-0.024608734447764565,-0.06432894155465249,100,600.0
Jack,-0.011090420924481259,-0.0413381283899406,100,600.0
Jaki,-0.030716719265362853,-0.05965950723591912,100,600.0
Juki,-0.03206380836091444,-0.04704648160224203,100,600.0
Jumper,-0.03591868416718669,-0.04950041931459861,101,602.9925372672534
Kamakiri-Girl,-0.04114150583105647,-0.0631310834108548,101,602.9925372672534
Kamijiro,-0.027456660259401144,-0.05696621810079731,100,600.0
King,-0.019091930150688063,-0.05150055192496048,100,600.0
Koshi Falcon,-0.03954349948186308,-0.05172018751837629,100,600.0
Kunyun,-0.017566564859793403,-0.05972160625702511,100,600.0
Kurozumi Kanjuro,-0.06926611059668299,-0.041350338317175155,187,820.4876598706406
Kurozumi Orochi,-0.05274060995826273,-0.05782459562945564,111,632.1392251711643
Madillo-Man,-0.021792678294614797,-0.04314692506978844,100,600.0
Massui,-0.01887353512030144,-0.06714134952368227,100,600.0
Mizerka,-0.019594547422326736,-0.04010367595411018,100,600.0
Mouse-Man,-0.022921570010748248,-0.04141776632259374,100,600.0
Nangi,-0.01446972731517367,-0.05478820273136911,100,600.0
Neoki,-0.01575078351782657,-0.057515124274836384,100,600.0
Nightcrab-Girl,-0.014660891803801245,-0.054209541166912685,100,600.0
Nodoi Wakan,-0.04040942217299322,-0.058160172022417425,100,600.0
Nokokuwa Police,-0.030123402746607852,-0.05685992088929945,101,602.9925372672534
Nokotti,-0.024459145780026326,-0.047913242882548834,100,600.0
Nure-Onna,-0.01607675557566444,-0.06398404107635207,100,600.0
Page One,-0.013910098857723839,-0.04896341859642359,100,600.0
Queen,-0.03538549853132413,-0.011790728927621058,106,617.7378084592201
Rabbit-Man,-0.013118450017869258,-0.04471483704408625,100,600.0
Redwolf,-0.018162189706149835,-0.05883817783337709,100,600.0
Rokki,-0.02872869631304484,-0.06763908889514744,100,600.0
Saitank,-0.02508557784785591,-0.05670975052462943,101,602.9925372672534
Sarahebi,-0.02902228411909182,-0.05609412898406344,100,600.0
Scorpion-Lady,-0.04588311196893531,-0.04057306969225002,101,602.9925372672534
Scotch,-0.024742760671804274,-0.05442242718810398,100,600.0
Sheepshead,-0.02265655881352224,-0.039143108936476094,100,600.0
Snakeman,-0.021237718139801215,-0.04213975666360386,100,600.0
Solitaire,-0.034116694301792705,-0.06690037175694774,100,600.0
Speed,-0.06383118276800358,-0.0427540789996758,169,780.0
Tenjo-Sagari,-0.023578256600787193,-0.03723132223027,100,600.0
Ulti,-0.018754383630203996,-0.061876594327627626,100,600.0
Usunoro,-0.026332338328946017,-0.07209007872945741,100,600.0
Uwattsura,-0.02774849986620755,-0.06317793084858929,100,600.0
Wanyudo,-0.024014745685546998,-0.05329829897075654,100,600.0
Yamanba,-0.020898951464304236,-0.0560606221870521,100,600.0
Yamato,-0.05941160213757118,-0.033111304419182426,169,780.0
Zanki,-0.023151403391188163,-0.07306656958410604,100,600.0
Yamenahare,0.9086672617480458,-0.22907864396421607,0,0.0
Peachbeard,-0.17916167503028937,0.05513852733255071,16,240.0
Inuarashi,-0.12252567647506397,-0.05104538877908382,181,807.2174428244226
Kawamatsu,-0.1064289496327152,-0.029520418655182724,89,566.0388679233962
Kikunojo,-0.10159840686330247,-0.018097238849464462,89,566.0388679233962
Kin'emon,-0.08887757453188917,-0.014431584363337682,89,566.0388679233962
Raizo,-0.10628470324528604,-0.022816145674191015,89,566.0388679233962
Hippie,0.6150198230849154,-0.6660136664802468,2,84.8528137423857
Hiro Gomon,0.6200413567501473,-0.6535307818889201,2,84.8528137423857
Scimitarta,0.6438559510826203,-0.654172569297178,2,84.8528137423857
Camie,0.48033965066111195,-0.23428063621587647,8,169.7056274847714
Devil Dias,-0.29484254413820693,0.955003043051333,0,0.0
DaltonDolton,-0.9399189533406668,0.16683647781663288,1,60.0
Solo,-0.19755740672036823,-0.9734724571845143,0,0.0
Ultra King,0.15218828862833245,-0.9453443412283673,0,0.0
Harald,-0.04950647112573007,0.04243288953160101,8,169.7056274847714
Baskerville,0.04830334889902129,0.03139364099868863,27,311.7691453623979
Hocker,-0.754224804175661,0.5878611852137188,0,0.0
Ratatoskr,0.6517962268199352,-0.7281205015202606,0,0.0
Bimine,-0.11750096197709377,-0.9780858641067041,0,0.0
Fuza,0.2142369227215154,-0.47657683956722796,8,169.7056274847714
Gedatsu,0.2824682530567751,-0.5178684020474661,12,207.84609690826525
Gode,0.23855399922934803,-0.47103790176184607,8,169.7056274847714
Holly,0.21581505685727384,-0.4886599018295757,8,169.7056274847714
Hotori and Kotori,0.23172658168995955,-0.4840672412761163,8,169.7056274847714
Ohm,0.22764580760443448,-0.4749704026033273,8,169.7056274847714
Satori,0.2465893361422689,-0.47738323094733626,8,169.7056274847714
Shura,0.23465832252697233,-0.49165819950590617,8,169.7056274847714
Goldfish Princess,0.5756415602715816,0.8076137549522232,0,0.0
Brogy,0.21578564703611045,0.14471444662172916,8,169.7056274847714
Dorry,0.2112263099840434,0.1640287336182062,8,169.7056274847714
Jarul,0.22244544507644587,0.16095599625556498,8,169.7056274847714
Kashii,0.10340805622116489,0.07189556309057785,34,349.85711369071805
Oimo,0.10533238135096205,0.07231179672878169,34,349.85711369071805
Rydin,0.21070935936936605,0.15737293516061587,8,169.7056274847714
Thormann,0.21386316739447175,0.1478384641280845,8,169.7056274847714
Gyro,0.5306740851780587,0.06973621896495526,11,198.997487421324
Gurutaro,-0.09010203767672083,-0.060424418636701345,37,364.96575181789314
Ankoro,0.39163927131306686,-0.00788003591634455,3,103.92304845413263
Vander Decken IX,0.45224237826265357,0.04075085424449486,13,216.33307652783935
Aphelandra,0.10375657079192446,0.35196488487212385,23,287.74989139876317
Bakula,0.11752907019958696,0.3425176785310153,15,232.379000772445
Bluefan,0.12359239884754708,0.33033950103425586,15,232.379000772445
Cosmos,0.10545810963871102,0.33472340195010525,15,232.379000772445
Daisy,0.10236911080343784,0.35027401872746267,15,232.379000772445
Gloriosa,0.10226858725247608,0.20841610816662795,40,379.47331922020555
Margaret,0.11882183405654653,0.33969164029385296,15,232.379000772445
Ran,0.10141346708219218,0.34366367591131886,15,232.379000772445
Rindo,0.10495609805056937,0.34729110390490053,15,232.379000772445
Salome,0.11255319088207673,0.3475771255024768,15,232.379000772445
Sweetpea,0.1003278312982486,0.33855871666468446,15,232.379000772445
Tritoma,0.12430647611806264,0.35287927771358313,15,232.379000772445
Mikazuki,-0.8317743358955969,-0.5094093376936639,0,0.0
Tama,-0.8709412177236064,-0.45918252807370724,0,0.0
Kumadori Yamanbako,-0.9969583493861974,-0.114411969571807,0,0.0
Big Bun,-0.23450033892583846,0.13971861077870645,16,240.0
Hamburg,-0.22387155702519926,0.13495775519619926,16,240.0
Pickles,-0.21822562950903518,0.11939696727341441,16,240.0
Ginny,-0.09888052509415896,0.14467184035000788,19,261.5339366124404
Monkey D. Dragon,-0.08906674711569361,0.09774605680147624,31,334.0658617698013
Hibari,-0.18190091352726365,-0.2594412106980369,5,134.1640786499874
Bepo,-0.08510882602420508,-0.006942630269877401,78,529.9056519796709
Clione,-0.09107346894172508,-0.005119550561574782,78,529.9056519796709
Hakugan,-0.09218625381247225,-0.013696860726323824,78,529.9056519796709
Ikkaku,-0.09819624199010356,-0.002430069673547259,78,529.9056519796709
Jean Bart,-0.09732331790679367,-0.015147619712585712,78,529.9056519796709
Penguin,-0.094321266148495,-0.009066566661590753,78,529.9056519796709
Shachi,-0.09133655096711356,-0.001256332757373996,78,529.9056519796709
Uni,-0.08681871342430683,-0.014161037345234146,78,529.9056519796709
Alice,-0.05644818055801089,0.3481298531310996,11,198.997487421324
Kiev,-0.06313970766448451,0.2718913324841075,20,268.3281572999748
Paulie,-0.06500677830499861,0.35819810592951584,11,198.997487421324
Peepley Lulu,-0.05258361226019913,0.35663454804365585,11,198.997487421324
Tamagon,-0.08001223700765542,0.27765519691058965,20,268.3281572999748
Tilestone,-0.06353966228776094,0.35468729954152894,11,198.997487421324
Zambai,-0.08305483654758031,0.29180971447366705,20,268.3281572999748
Bancro,-0.1930467933299435,-0.06576705478236254,31,334.0658617698013
Bluemarine,-0.20120386429250492,-0.06948675599952228,31,334.0658617698013
CB Gallant,-0.20383557983487982,-0.07908402176932548,31,334.0658617698013
Donkino,-0.19164076932952606,-0.07317620285705556,31,334.0658617698013
Doringo,-0.19039289853252256,-0.0831657662888715,31,334.0658617698013
Elio,-0.18771811812626457,-0.06150192397138944,31,334.0658617698013
Gol D. Roger,-0.14768345347662853,-0.03143569138804053,43,393.44631145812
Jackson Burner,-0.19983937539414098,-0.0661625973919745,31,334.0658617698013
Kozuki Oden,-0.1481832934478919,-0.06237419186011248,125,670.820393249937
Max Marx,-0.1962946416123261,-0.08259711794677561,31,334.0658617698013
Mille Pine,-0.19937489914630588,-0.07886862779572122,31,334.0658617698013
Moon Isaac Jr.,-0.18909045579233993,-0.07559183872742295,31,334.0658617698013
Mr. Momora,-0.2078852005407411,-0.07976420769951736,31,334.0658617698013
Muegren,-0.18590588469323918,-0.07480643907547828,31,334.0658617698013
Peetamu,-0.1998783045842319,-0.054319963680891,31,334.0658617698013
Langram,-0.19855816094881265,-0.060412770776362534,31,334.0658617698013
Lowwing,-0.20670751780053812,-0.07159607524543954,31,334.0658617698013
Scopper Gaban,-0.19162906523817483,-0.07603092688328496,31,334.0658617698013
Seagull Ganz Nozudon,-0.20773332170328568,-0.06328430715189201,31,334.0658617698013
Silvers Rayleigh,-0.20374217869396957,-0.055449206668319664,31,334.0658617698013
Spencer,-0.18954137962327983,-0.05506386236285323,31,334.0658617698013
Sambel,-0.19665035715921692,-0.07162217356834863,31,334.0658617698013
Taro,-0.20460011734718342,-0.04902310903075085,31,334.0658617698013
Yamon,-0.21127123715596638,-0.07406988027586724,31,334.0658617698013
Yuey,-0.21321002213978832,-0.0688878502092038,31,334.0658617698013
Poro,0.9943444096574421,0.13367237265830345,0,0.0
Conis,0.9969394747276962,-0.11034106512796056,0,0.0
Carrot,-0.10618730655011567,-0.002220542030813745,80,536.6563145999496
Concelot,-0.1015932092536734,-0.02012999126286189,80,536.6563145999496
Giovanni,-0.09775794418804735,-0.029762071910331513,80,536.6563145999496
Shishilian,-0.10359406516771834,-0.02177781804062428,80,536.6563145999496
Wanda,-0.09345487131355217,-0.014047694412526698,80,536.6563145999496
Yomo,-0.09340632300079448,-0.018846258159267545,80,536.6563145999496
Dashiteyaro,-0.03912534012512129,-0.12384693981771222,20,268.3281572999748
Hikkomitsukumai,-0.022539182753447483,-0.12068453843743598,20,268.3281572999748
Hoisassa,-0.030306471148716353,-0.12003610555768579,20,268.3281572999748
Kazenbo,-0.034724668043603316,-0.11532786628719288,20,268.3281572999748
Kurozumi Higurashi,-0.07256573194221108,-0.1016079915652178,21,274.9545416973504
Kurozumi Semimaru,-0.07309596983365611,-0.10508090039179839,21,274.9545416973504
Kurozumi Tama,-0.08055007755970749,-0.03818267017201068,96,587.8775382679627
Tamikebao,-0.04361668366409313,-0.1205156669705666,20,268.3281572999748
Ukkari Tsurube,-0.041190342405764246,-0.12079529982258304,20,268.3281572999748
Sandayu,-0.43080600311688944,0.07545484595648193,2,84.8528137423857
Takao,-0.42671970017620364,0.09828049851386174,2,84.8528137423857
A.O.,-0.1581353301282844,-0.08819399521147575,68,494.77267507411926
Candy,-0.6356439335815219,-0.7120623835178208,0,0.0
Alpha,0.7613494809772788,0.6292856290483426,0,0.0
Saint Charlos,0.03683132449292584,0.018242666019792988,27,311.7691453623979
Roswald,0.04702448327936429,-0.001000362492649223,27,311.7691453623979
Saint Rosward Shalria,0.0413495328242589,0.019183550116638082,27,311.7691453623979
Banzaburo,-0.1321626044449321,-0.0340727717568973,33,344.6737587922817
Dotaku,-0.127423886062918,-0.038799479527134084,33,344.6737587922817
Hidayu,-0.09452952254673154,-0.022180749906112775,89,566.0388679233962
Izo,-0.11643584980885233,-0.05556745796931017,151,737.2923436466705
Jibuemon,-0.13247693234378122,-0.048594624134549874,33,344.6737587922817
Jujiro,-0.1008488074295552,-0.02464280885776182,89,566.0388679233962
Kagero,-0.1104179204344748,-0.029689749788811295,89,566.0388679233962
Kaku-no Shin,-0.10388857586986121,-0.022969067085106112,89,566.0388679233962
Kojuro,-0.08323117971159934,-0.013872793579752227,89,566.0388679233962
Kozuki Hiyori,-0.08877062451841859,-0.021350156491044596,89,566.0388679233962
Kozuki Momonosuke,-0.10528105231734139,-0.01149667106581215,89,566.0388679233962
Kozuki Sukiyaki,-0.07612797221433926,-0.019504318235632773,89,566.0388679233962
Koyama,-0.10739341007332269,-0.048677199275874466,33,344.6737587922817
Kurosawa,-0.105029293759222,-0.016104780688875695,89,566.0388679233962
Monjiro,-0.09726364049633969,-0.015083438986523763,89,566.0388679233962
Mountain God,-0.13120506634182147,-0.06296733577162819,33,344.6737587922817
Shinobu,-0.09425154098616646,-0.03078396772507568,89,566.0388679233962
Shinosuke,-0.11418795611650055,-0.02387556384174994,33,344.6737587922817
Tabuhachiro,-0.10078805267000691,-0.02391482816873181,89,566.0388679233962
Ukon,-0.09827633612885373,-0.025728618237494283,89,566.0388679233962
Bushon,0.005205192468823408,0.5664778010531347,2,84.8528137423857
Staybe,-0.010225167860500026,0.5851904394069082,2,84.8528137423857
Agilia,0.2965771793296263,-0.13114871289371907,9,180.0
Agyo,0.31237695497992923,-0.11942411554408641,9,180.0
Peekatha Krotch,0.3077383912534234,-0.12241614411027898,9,180.0
Gyats,0.31335833683065484,-0.10976518673647323,9,180.0
Hera,0.19812458319955037,-0.057602466601519964,102,605.9702963017246
Meadows,0.31359113397905586,-0.11099615063682836,9,180.0
Rebecca,0.23036706582587202,-0.08004801474202307,10,189.73665961010278
Spartan,0.3031526835651786,-0.12867446512473577,9,180.0
Moocy,0.30556112297739013,-0.11462379136366564,9,180.0
Jabari,0.6699186563550313,-0.40004771008627144,1,60.0
Jerry,0.7028285195033865,-0.3329536549343662,1,60.0
Davy D. Jones,-0.18070226172693823,0.09663703414730404,3,103.92304845413263
Little Oars Jr.,-0.15085742467118224,-0.10076900569062486,68,494.77267507411926
Daruma,0.5249389375884705,0.05394154358100381,11,198.997487421324
Dosun,0.5226716480471324,0.07560917226156331,11,198.997487421324
Hammond,0.5170101134960915,0.06455204608806232,11,198.997487421324
Hyouzou,0.5315958968095206,0.06580428229380106,11,198.997487421324
Ikaros Much,0.5284267930325278,0.08240511428251175,11,198.997487421324
Jean Noueilles,0.5174103457905571,0.08693145343526583,11,198.997487421324
Kasagoba,0.5298088446874122,0.059217246175876946,11,198.997487421324
Surume,0.5126110464595119,0.07275382770601335,11,198.997487421324
Zeo,0.5243223452974469,0.06798001030654542,11,198.997487421324
Belladonna,0.12649727365843505,0.3963536283009867,10,189.73665961010278
Genista,0.11666884903834394,0.4043657612029546,10,189.73665961010278
Kiku,0.11453839001625862,0.40927534241045394,10,189.73665961010278
Kikyo,0.13898701617300288,0.406835352106169,10,189.73665961010278
Nerine,0.12040815004718897,0.4061331707344653,10,189.73665961010278
Pansy,0.13988901381272206,0.3968735637374492,10,189.73665961010278
Poppy,0.13623645027732756,0.4088609638546558,10,189.73665961010278
Shion,0.13265915128267855,0.4078791942508485,10,189.73665961010278
Gohngeddit Juanpeace,0.9446458067325235,0.1681456042706514,4,120.0
Dr. Noshirtkutz Tofayme,0.9321402348474687,0.1893695706547881,4,120.0
Hitchinfra Itchin,0.9282566154733735,0.17978396002510202,4,120.0
Wannabi Luvd,0.9335731536945743,0.1581506967869116,4,120.0
Wannabi Laikd,0.926451793216569,0.1715034215847847,4,120.0
Capote,-0.2375304981784573,0.11048020024086573,16,240.0
Chuchun,-0.23668019430153334,0.12891193957614067,16,240.0
Donovan,-0.23787866430035537,0.13582449453173126,16,240.0
Foxy,-0.2261520657986865,0.12357309806986717,16,240.0
George Mach,-0.24677791765532955,0.12398224347772242,16,240.0
Gina,-0.24759183944764324,0.12534207277744375,16,240.0
Itomimizu,-0.2312460576923595,0.134674672694305,16,240.0
Monda,-0.2355855155094952,0.11713311881581585,16,240.0
Mountain Ricky,-0.23894522368864052,0.1186481467093914,16,240.0
Porche,-0.23927339476009787,0.12959780925888423,16,240.0
Sonie,-0.22690027978230481,0.12965961981070082,16,240.0
Agushily,-0.13032860034343674,-0.0993012988446511,68,494.77267507411926
Amadob,-0.14608150869003314,-0.09257702600395444,68,494.77267507411926
Andre,-0.1407789993583595,-0.09887231625858936,68,494.77267507411926
Arthur,-0.13372879512471858,-0.09606479226281642,68,494.77267507411926
Atmos,-0.12725136456891553,-0.10194965955299617,68,494.77267507411926
Baggaly,-0.14851510348756408,-0.11453135001581917,68,494.77267507411926
Bizarre,-0.13015836719093005,-0.09350212151146621,68,494.77267507411926
Blamenco,-0.13577396922131993,-0.10563507928670761,68,494.77267507411926
Blenheim,-0.12876625135346187,-0.10452147004885651,68,494.77267507411926
Blondie,-0.1479081390121677,-0.08512902276430281,68,494.77267507411926
Brew,-0.1311844066369867,-0.10881853332326169,68,494.77267507411926
Brocca,-0.13212853022076024,-0.1014295255174713,68,494.77267507411926
Cans,-0.14727065868085762,-0.10049304925114387,68,494.77267507411926
Choi,-0.13782544482964185,-0.0939307314132882,68,494.77267507411926
Colscon,-0.15417514732362206,-0.08868203297759145,68,494.77267507411926
Curiel,-0.13534221449053227,-0.10046287391615419,68,494.77267507411926
DeCalvan Brothers,-0.138042606445702,-0.09659004645990295,68,494.77267507411926
Delacuaji,-0.1430262580024045,-0.10922088594745856,68,494.77267507411926
Doma,-0.14073417854016018,-0.10504270005852187,68,494.77267507411926
Elmy,-0.13995652030053887,-0.1132357285551831,68,494.77267507411926
Epoida,-0.1449610311447114,-0.0928661276998877,68,494.77267507411926
Fossa,-0.1511758409745743,-0.0836439773832721,68,494.77267507411926
Great Michael,-0.14094170092551275,-0.09093489594478342,68,494.77267507411926
Hangan,-0.1404847800715237,-0.08564636932651534,68,494.77267507411926
Haruta,-0.1363760158324845,-0.09927608899121415,68,494.77267507411926
Islewan,-0.13108112940643898,-0.11414925124443596,68,494.77267507411926
Jozu,-0.14381223091068795,-0.09736126377032225,68,494.77267507411926
Julius,-0.13166956780782876,-0.10772971618152126,68,494.77267507411926
Kechatch,-0.14602745176244297,-0.10418545776590436,68,494.77267507411926
Kinga,-0.13709393818406249,-0.11031551768916646,68,494.77267507411926
Kingdew,-0.13241291093286106,-0.098467184367149,68,494.77267507411926
Marco,-0.11089088468936813,-0.05611387763135664,142,714.982517268779
McGuy,-0.1469768172051892,-0.09750051212494906,68,494.77267507411926
Namule,-0.13594634814052514,-0.11340983307363245,68,494.77267507411926
Ninth,-0.1573670505169805,-0.0929434521878199,68,494.77267507411926
Oliva,-0.15384375233148095,-0.09638679627278943,68,494.77267507411926
Palms,-0.15420896296169617,-0.09815671493374524,68,494.77267507411926
Pavlik,-0.14903416989195667,-0.08761799785381755,68,494.77267507411926
Rakuyo,-0.15346486293476772,-0.10076262653716908,68,494.77267507411926
Ramba,-0.1427602492330656,-0.11455521684063848,68,494.77267507411926
Reforte,-0.14836016915109235,-0.11049807485864338,68,494.77267507411926
Rush,-0.13820153399006302,-0.10419793374185073,68,494.77267507411926
Speed Jil,-0.13213720990579975,-0.10026167523319597,68,494.77267507411926
Stephen,-0.14999387466620126,-0.09379362751401395,68,494.77267507411926
Tate,-0.12817499715973482,-0.10633499202205891,68,494.77267507411926
Thatch,-0.13463190427121904,-0.10833219969930258,68,494.77267507411926
Vista,-0.14430151440790803,-0.10325618563669137,68,494.77267507411926
Vitan,-0.1243407351016897,-0.1077448308090021,68,494.77267507411926
Wallem,-0.1368423341896649,-0.0882108908667792,68,494.77267507411926
Whitey Bay,-0.15150089357277444,-0.08621461585520783,68,494.77267507411926
Zodia,-0.14632374591538902,-0.09168131772667261,68,494.77267507411926
Zukka,-0.15553879227206266,-0.09020163984701376,68,494.77267507411926
Kairen,0.6117234772878866,-0.2995142404807183,6,146.96938456699067
Lulis,0.62827881391207,-0.3108434917446521,6,146.96938456699067
Mello,0.6217395601647766,-0.2983933737179395,6,146.96938456699067
Seira,0.6079915991493995,-0.32521222405926714,6,146.96938456699067
Sharley,0.6130712159537702,-0.32800276839659537,6,146.96938456699067
Sola,0.621782716872259,-0.3125549624133464,6,146.96938456699067
Eris,-0.1753180272967288,0.0791355938043018,3,103.92304845413263
Rocks D. Xebec,-0.000349397444469804,0.04473242680184042,31,334.0658617698013
Lacroix,-0.30984382532108373,0.9036206351840328,1,60.0
Lonz,-0.3684696849302062,0.8788696389079494,1,60.0
Blakey,0.49749043746824406,-0.17272427312470937,3,103.92304845413263
Maria Napole,0.4850885536280313,-0.1870818417816881,3,103.92304845413263
Miles,0.5131556587979154,-0.17820220737583603,3,103.92304845413263
Bariete,-0.09247394698151148,-0.026192910889321845,80,536.6563145999496
Ocho,-0.0895862746689174,-0.008607104682420751,78,529.9056519796709
Hareji,-0.10236104675069381,-0.006255625979151622,78,529.9056519796709
Komachiyo,-0.08223089248728249,-0.02798741729600339,87,559.642743185329
Miyagi,-0.09604442810811692,-0.0034051769114359443,80,536.6563145999496
Ohmasa,-0.08619347698761441,-0.013668510214445397,78,529.9056519796709
Tristan,-0.09963743818861479,-0.017829642679544167,80,536.6563145999496
Tsunagoro,-0.10232815671244877,-0.012907580363053062,78,529.9056519796709
Yatappe,-0.08800689738003557,-0.013724547684879027,78,529.9056519796709
Zangirimaru,-0.10163342355452225,-0.014184822362676196,78,529.9056519796709
Moyle,0.5884914365880203,-0.7521357250609462,0,0.0
Bobbin,0.17774439611090923,-0.05434997184743486,93,578.6190456595773
Capone Bege,0.18040825049605397,-0.05577640150607321,97,590.9314681077662
Diesel,0.1734776325677189,-0.03794891987904937,93,578.6190456595773
Eggplant Soldier,0.1497432261937042,-0.02587503964628696,93,578.6190456595773
Misery,0.15907016947680183,-0.025722293307045868,93,578.6190456595773
Napoleon,0.14148557219869315,-0.009436101276690837,106,617.7378084592201
Aristocroc,0.17697087352794438,-0.046833866365423714,93,578.6190456595773
Prometheus,0.1414827204766003,-0.002680606508202975,106,617.7378084592201
Randolph,0.15819924944598868,-0.04057434015315582,93,578.6190456595773
Streusen,0.14017442527397123,-0.006808749113459483,106,617.7378084592201
Tamago,0.17431075422253636,-0.04714211041477168,93,578.6190456595773
Zeus,0.1082448917764918,-0.006746695851398386,117,648.9992295835182
Thalassa Lucas,-0.9994472991047697,0.01829839361221168,0,0.0
Gyogyo,-0.40086957951899777,-0.7394473469456667,4,120.0
Jewelry Bonney,-0.3997224944422378,-0.773756075209157,4,120.0
Pert,-0.37570545875963596,-0.7691489934383942,4,120.0
Potato,-0.38318645228555076,-0.7748011297794792,4,120.0
Totts,-0.39992704388266576,-0.7645927740154735,4,120.0
Matsuge,0.056427942026946086,0.2811798159484199,1,60.0
Urouge,0.6811116779502926,0.7238168237076591,0,0.0
Seamars,-0.9316381314835384,-0.2617012263686839,0,0.0
Bunbuku,0.9144454229353325,0.40661980326582486,0,0.0
Corgy,0.0467496020460562,0.02815765232916377,27,311.7691453623979
Don Quixote Homing,0.04358932619708901,0.009263098936601839,27,311.7691453623979
Gatherine,0.05185275105615285,0.017378701881665615,27,311.7691453623979
Imu,0.04777159268606116,0.021470253532860653,27,311.7691453623979
Saint Jalmac,0.05152425302514492,0.026612751306501536,27,311.7691453623979
George,0.046987679297948955,0.01125112879761798,27,311.7691453623979
Kong,0.04839454880838268,0.002590427658047766,27,311.7691453623979
Mameemee,0.042361749215567075,0.020227546914911167,27,311.7691453623979
Saint Pluming,0.05124138983503593,0.009861343897231247,27,311.7691453623979
Busshiri,-0.15466774721761353,0.21373655474016034,9,180.0
Clou D. Clover,-0.10911004058619508,0.10609411148956653,21,274.9545416973504
Gram,-0.14094504150019807,0.2094604455721361,9,180.0
Huck,-0.17853754581965306,0.20357224430502271,9,180.0
Hocha,-0.16408052732682518,0.20918653688334102,9,180.0
Nico Olvia,-0.1457359807295662,0.21339571444933605,9,180.0
Lint,-0.15213022855140085,0.20267020205178093,9,180.0
Roshu,-0.16864405358823348,0.20987331805653012,9,180.0
Zayde,-0.17212917159801436,0.204053636566214,9,180.0
Buckox,-0.26946217487997454,0.08320151225068537,1,60.0
Gotti,0.24675310141697515,-0.16363316272690165,4,120.0
Vito,0.2447673288745325,-0.15035350291023702,4,120.0
Pandora,0.9755390427315228,-0.20512408755903183,0,0.0
Josh,0.9808315622460949,0.2263468634472473,0,0.0
Gonbe,0.3796225228663765,-0.9128124683821457,0,0.0
Biblo,0.9330561800678966,-0.29500160295154326,0,0.0
Ooklicia,-0.4362815150425688,-0.8923844851350887,0,0.0
Gin,0.3752683479394402,0.7967527079399152,5,134.1640786499874
Hustle,0.39422534756832084,0.8182828497590561,5,134.1640786499874
Ideaman,0.4001884972601361,0.8098192888965499,5,134.1640786499874
Keygan,0.39715356683068587,0.7956978730226753,5,134.1640786499874
Krieg,0.37122516072040834,0.8156331836596575,5,134.1640786499874
Pearl,0.37952971884823933,0.8093711771732945,5,134.1640786499874
Buchi,0.34767842059432935,0.7550332941666197,4,120.0
Django,0.31186143377956216,0.7508922819472669,4,120.0
Kuro,0.3629102435193957,0.7443522064201057,4,120.0
Snott Mee,0.3285404673962993,0.7492675734560585,4,120.0
Sham,0.34191570509443614,0.7399516251836721,4,120.0
Ahiru,-0.09286213347265417,0.15787064060456324,19,261.5339366124404
Belo Betty,-0.08797068149586916,0.16562291290562356,19,261.5339366124404
Bunny Joe,-0.10855830702191684,0.15611443823873616,19,261.5339366124404
Gambo,-0.08676290245586715,0.15648613251778856,19,261.5339366124404
Hack,-0.10162469037626287,0.15589501007229828,19,261.5339366124404
Jiron,-0.0974292550011815,0.16639732258650825,19,261.5339366124404
Karasu,-0.09466354491687659,0.15663201375149285,19,261.5339366124404
Lindbergh,-0.09790789838976056,0.1602696165094823,19,261.5339366124404
Moda,-0.1298734913222638,0.21508974407506284,23,287.74989139876317
Morley,-0.10435613428089081,0.16594138754699445,19,261.5339366124404
Terry Gilteo,-0.09225478711053714,0.1696165785476559,19,261.5339366124404
Ushiano,-0.10187841953446623,0.16545272203265884,19,261.5339366124404
Vander Decken,0.9455351432954215,-0.11997359000460063,0,0.0
Nash,-0.06364802847552231,0.1294368385168122,6,146.96938456699067
Piper,-0.06503432224323914,0.13664504257146592,6,146.96938456699067
Duke Genghis Baan,-0.11090249598749206,-0.07432646494844616,17,247.38633753705963
Mon-ji,-0.12936057236898366,-0.06266691313785272,17,247.38633753705963
Kinderella,-0.29805476428634364,-0.8420909137903344,2,84.8528137423857
Cosette,-0.22376623724247716,0.1612695764163846,8,169.7056274847714
Epony,-0.21516620824745614,0.1678279443166892,8,169.7056274847714
Dago,-0.08072281717045464,0.25974724529457316,11,198.997487421324
Footbianco,-0.06789766542542723,0.25250791326179345,11,198.997487421324
Gomorrah,-0.06934333769540868,0.26521492496113636,11,198.997487421324
Mozu and Kiwi,-0.06548333969942509,0.25484241092284854,11,198.997487421324
Kopp,-0.08555035176936449,0.258524201508481,11,198.997487421324
Ottoland,-0.05205386973422246,0.2555003515480792,11,198.997487421324
Schollzo,-0.0770030319082672,0.25999709628383977,11,198.997487421324
Sodomu,-0.05996618094271579,0.25496144924509917,11,198.997487421324
Merry,0.3773029585265646,0.9105180292875005,0,0.0
Chabo,-0.7124367033293331,0.6997394782119094,0,0.0
Curly Dadan,-0.19881938615645028,0.10040201403974214,5,134.1640786499874
Dogura,-0.23019786894356414,0.12073289723704056,5,134.1640786499874
Magura,-0.2212547258871787,0.09585523395843591,5,134.1640786499874
Albion,-0.17696359255352007,-0.23449397557887064,11,198.997487421324
Chocolat,-0.19978418011768545,-0.21266529653122837,11,198.997487421324
Cocoa,-0.1803251914524875,-0.22982664530567146,11,198.997487421324
Demaro Black,-0.21083432450236456,-0.2152321482101067,11,198.997487421324
Gack,-0.19807242090953944,-0.22088739133522173,11,198.997487421324
Lip Doughty,-0.19004249570483375,-0.21997080926214996,11,198.997487421324
Manjaro,-0.20200103517122867,-0.22123411026536463,11,198.997487421324
Mounbleten,-0.1938635163273659,-0.23313402249785944,11,198.997487421324
Stray Fox,-0.18991250996157316,-0.23636028028101183,11,198.997487421324
Turk,-0.19785301225027935,-0.21717582772910157,11,198.997487421324
Eureka,0.47610809594787923,-0.8851938643874011,0,0.0
Humphrey,0.11860110684012433,0.9896015942316434,0,0.0
Peterman,0.9624702309700348,-0.15643920321525037,0,0.0
Tibbany Elizabeth,-0.823568411405268,0.5640163644080178,0,0.0
Edward Weevil,-0.022880349386204993,0.12442501392399212,11,198.997487421324
Hanafuda,-0.025571290104561124,0.11229712484683803,11,198.997487421324
Shamba,0.2626751698353475,0.9545009139337912,0,0.0
Barbell,0.08146322357060744,0.054859548846993525,17,247.38633753705963
Buckingham Stussy,0.022610765809556396,0.08299463582572031,23,287.74989139876317
Kyo,0.08801321104550015,0.044378936666328965,17,247.38633753705963
Marlon,0.0794355203784853,0.04739491108828812,17,247.38633753705963
Wang Zhi,0.07778587331171218,0.052062804738513366,17,247.38633753705963
Vincent,0.6191345535868866,0.7090876761466822,0,0.0
Goro,0.33292007607504326,-0.5779922130292834,4,120.0
Pincers,0.36502860842797813,-0.5829180849425184,4,120.0
Pierre,-0.973769314125189,-0.21515617013789834,0,0.0
Carne,-0.18473581739947684,0.15994191918497208,4,120.0
Patty,-0.1964904900904901,0.1550879568708402,4,120.0
Mushroom,-0.16291579354178803,0.10194279861323491,6,146.96938456699067
Morgan,-0.2393031031170352,-0.4063125799422452,6,146.96938456699067
Rika,-0.22174068775213593,-0.40611352614522833,6,146.96938456699067
Ripper,-0.24888956281652427,-0.3962377550937485,6,146.96938456699067
Rokkaku,-0.229438223017338,-0.39193390166137243,6,146.96938456699067
Carelesso,-0.23409115641097067,-0.4022440094746818,6,146.96938456699067
Falafra,0.005355911893654273,-0.9567239852220768,0,0.0
Mizuira,0.35465843002257347,-0.8897033032463375,0,0.0
Doc Q,-0.18337725824165904,0.060814653226623765,16,240.0
Jesus Burgess,-0.18256112351459608,0.06551530333029451,16,240.0
Kikipatsu,-0.17463362031713955,0.04097469729658236,16,240.0
Kuzan,-0.18495525255308082,0.04889385252074147,16,240.0
Lafitte,-0.18051421325087924,0.04047077470884006,16,240.0
Maki,-0.17815983214279768,0.04707827770469765,16,240.0
Stronger,-0.17918857898852536,0.061766450347300245,16,240.0
Tori,-0.18008755894513212,0.05046316654844283,16,240.0
Van Auger,-0.18279952657199533,0.05378470623533924,16,240.0
Comille,-0.236405594372313,0.37403762707811244,4,120.0
Kadar,-0.24126924443200493,0.3780345033494894,4,120.0
Koda,-0.2457124339389005,0.36588116188982717,4,120.0
Kyuji,-0.2674951872161261,0.3600618434496878,4,120.0
Momonga,0.6650295509121431,-0.605814600238536,2,84.8528137423857
Stalker,0.6551257425429315,-0.6083834201175023,2,84.8528137423857
Burr,0.6416120981223368,-0.6092308644301632,2,84.8528137423857
Monkey D. Garp,-0.10938320760782436,0.03708650809791569,12,207.84609690826525
Mash,0.32619929096856015,-0.9534488920966624,1,60.0
Sea Boar,0.3233031853621136,-0.9403346333913064,1,60.0
