RowType,EdgeID,PathOrder,Character,ConnectedCharacter,node_size,X,Y,Degree,WeightedDegree,EdgeWeight,SharedAffiliations
node,,,A.O.,,491.12116631234704,-0.13931183060803068,0.10657680416715691,67,67,,
node,,,Abdullah,,397.994974842648,-0.004275600489138393,-0.013494843691252425,44,47,,
node,,,Absalom,,281.4249455894058,-0.08595777624108943,-0.24078116734005495,22,22,,
node,,,Adelle,,103.92304845413263,0.8496249278310936,0.405255100404831,3,3,,
node,,,Ageha Woman,,596.992462263972,0.13197866238913197,0.10320993448695588,99,99,,
node,,,Aggie 68,,261.5339366124404,-0.2812169478098172,0.1316801379411988,19,19,,
node,,,Agilia,,180.0,0.253598319644144,-0.36958568897769745,9,9,,
node,,,Agushily,,491.12116631234704,-0.14343544156006752,0.08106505086250884,67,67,,
node,,,Agyo,,180.0,0.24397065964085804,-0.3721102124873449,9,9,,
node,,,Ahiru,,261.5339366124404,-0.14848754974353742,-0.11998247039428661,19,19,,
node,,,Aisa,,261.5339366124404,-0.39512150931729806,0.8450017935269833,19,20,,
node,,,Akumai,,354.96478698597696,-0.19756185717445243,-0.01818324084027859,35,35,,
node,,,Aladdin,,281.4249455894058,0.05550580406881066,-0.24388900884431286,22,23,,
node,,,Albion,,198.997487421324,-0.04811378291809687,0.3311959282049261,11,11,,
node,,,Alice,,198.997487421324,0.4144734324778447,0.16023567456758547,11,11,,
node,,,Alpaca-Man,,596.992462263972,0.0989494459760411,0.12757506457907344,99,99,,
node,,,Alvida,,254.5584412271571,-0.051776095617876355,-0.039032712010191976,18,33,,
node,,,Amadob,,491.12116631234704,-0.138566526457882,0.07453907715153998,67,67,,
node,,,Amazon,,84.8528137423857,-0.4755885455911394,0.9086994946430623,2,2,,
node,,,Andre,,491.12116631234704,-0.12627200889408682,0.10530198242804542,67,67,,
node,,,Ange,,224.49944320643647,-0.20435061466299662,-0.2859843816254697,14,14,,
node,,,Ankoro,,103.92304845413263,-0.03357463894548602,-0.47171469960657114,3,3,,
node,,,Antlerkov,,334.0658617698013,-0.12057305949603189,-0.08002332840563593,31,31,,
node,,,Aphelandra,,287.74989139876317,0.29140609280056795,-0.2992415131610236,23,25,,
node,,,Aramaki,,584.8076606885378,0.012191013263307925,-0.09089472615536982,95,95,,
node,,,Aristocroc,,578.6190456595773,0.07552414253390143,-0.25158726510209173,93,93,,
node,,,Arlong,,415.6921938165305,-0.014810520095832457,-0.10584708290683634,48,54,,
node,,,Arthur,,491.12116631234704,-0.15377397277597374,0.0781990933199751,67,67,,
node,,,Aruyutayan V,,60.0,0.657232246907287,-0.27453077319794494,1,1,,
node,,,Ashura Doji,,566.0388679233962,-0.0026352315492081707,0.11315154115534073,89,119,,
node,,,Atmos,,491.12116631234704,-0.13371518130117252,0.08086640942213344,67,67,,
node,,,Attach,,590.9314681077662,0.04351116052667979,-0.11844931263654425,97,97,,
node,,,Avalo Pizarro,,393.44631145812,-0.09181558679139007,-0.08996372931398597,43,47,,
node,,,BBBB,,533.2916650389353,0.004033036491822656,0.07180961513565846,79,97,,
node,,,Babanuki,,777.6888838089433,0.06651267945722457,0.09949598832566797,168,179,,
node,,,Babe,,354.96478698597696,-0.22704072144169124,-0.04751544461880564,35,41,,
node,,,Baby Five,,487.4423042781576,-0.035797084533398964,-0.01159083355389175,66,72,,
node,,,Baggaly,,491.12116631234704,-0.13575220446375663,0.09763572013246821,67,67,,
node,,,Bakula,,232.379000772445,0.31611678606725424,-0.26734044136846835,15,15,,
node,,,Ban Dedessinée,,247.38633753705963,-0.7470823948698145,-0.6711620337001887,17,17,,
node,,,Bancro,,334.0658617698013,-0.14412120415333207,0.17843234703251956,31,31,,
node,,,Banshee,,261.5339366124404,-0.2816096823685701,0.13765709077255836,19,19,,
node,,,Banzaburo,,344.6737587922817,-0.03720901773930238,0.13595951873957682,33,33,,
node,,,Bao Huang,,596.992462263972,0.12486496340530648,0.12034217082706579,99,99,,
node,,,Barbell,,247.38633753705963,0.04080417719814253,-0.16028282745063302,17,17,,
node,,,Bariete,,533.2916650389353,0.019645345921924674,0.08938844577436894,79,93,,
node,,,Barry,,261.5339366124404,-0.2640982265731392,0.12740643013654948,19,19,,
node,,,Bartholomew Kuma,,360.0,-0.09519122880595547,-0.1783372596888908,36,39,,
node,,,Bartolomeo,,397.994974842648,-0.011947232931874625,-0.0008036460562400584,44,45,,
node,,,Basil Hawkins,,600.0,0.12491645292441612,0.10758152383375191,100,100,,
node,,,Basilisk,,428.485705712571,-0.11189818177829301,-0.11983714826964263,51,57,,
node,,,Baskerville,,305.9411708155671,-0.1217765430850901,-0.1914346897809467,26,26,,
node,,,Bastille,,584.8076606885378,0.017886622376915927,-0.11914813571745954,95,95,,
node,,,Batman,,596.992462263972,0.12077964301828281,0.1301179611136325,99,99,,
node,,,Baxcon,,411.33927602406266,-0.007521466862978336,0.028780249732654844,47,72,,
node,,,Bazeko,,584.8076606885378,0.012363639276189184,-0.09475128042341859,95,102,,
node,,,Bee-Girl,,600.0,0.11279868326497429,0.0943458955516247,100,109,,
node,,,Beetle-Man,,596.992462263972,0.13320978263037794,0.12056042492846669,99,99,,
node,,,Bekori,,84.8528137423857,-0.10963536030575348,-0.39849048623445166,2,2,,
node,,,Belladonna,,189.73665961010278,0.32846146463810966,-0.35097386624047944,10,10,,
node,,,Bellamy,,323.10988842807024,-0.18630050326663378,-0.06825604245518081,29,29,,
node,,,Belle-Mère,,584.8076606885378,0.022690512525798776,-0.08098665424842579,95,95,,
node,,,Belo Betty,,261.5339366124404,-0.1385449393657675,-0.13922719708403927,19,19,,
node,,,Benn Beckman,,240.0,-0.1322412144101227,0.41185395054741697,16,16,,
node,,,Bent,,224.49944320643647,-0.22193141059146332,-0.2694231657784964,14,14,,
node,,,Bentham,,483.73546489791295,-0.1568335123005378,-0.06109225958758657,65,66,,
node,,,Bepo,,526.4978632435274,0.01507692655633943,0.07005569960058414,77,85,,
node,,,Berry Good,,584.8076606885378,0.02451838109384797,-0.11698459497285983,95,95,,
node,,,Bian,,411.33927602406266,-0.013975559558008156,0.014674028121306195,47,72,,
node,,,Big Bun,,240.0,-0.19018807653791125,0.16570136644337122,16,18,,
node,,,Birdy,,134.1640786499874,0.9470059809913611,0.2572899000793769,5,5,,
node,,,Bishamon,,626.4183905346331,0.10575043870842427,0.13851941812455612,109,129,,
node,,,Bishonure-Onna,,596.992462263972,0.1417090623420008,0.1296501021058871,99,99,,
node,,,Bisley,,600.0,0.11456141285135005,0.09744058879727088,100,109,,
node,,,Bizarre,,491.12116631234704,-0.1254600077980782,0.09400523100112101,67,67,,
node,,,Bjorn,,224.49944320643647,-0.22298363738931684,-0.2928232202097956,14,14,,
node,,,Black Maria,,596.992462263972,0.1282948046725754,0.11428448574182455,99,99,,
node,,,Blade,,224.49944320643647,-0.23260166603954985,-0.2674754118144801,14,14,,
node,,,Blakey,,103.92304845413263,0.29906719096628515,-0.5769421826745122,3,3,,
node,,,Blamenco,,491.12116631234704,-0.141366752322947,0.10081259780109776,67,67,,
node,,,Blenheim,,491.12116631234704,-0.13817651795512995,0.0867189493064576,67,67,,
node,,,Blondie,,491.12116631234704,-0.13386369124948985,0.06989848251922337,67,67,,
node,,,Blue Gilly,,397.994974842648,0.008453629728844673,0.002865942527455057,44,47,,
node,,,Bluefan,,232.379000772445,0.3305691010702041,-0.2608096581036935,15,15,,
node,,,Bluegrass,,584.8076606885378,0.0008118004959971529,-0.11367885668155209,95,95,,
node,,,Bluejam,,60.0,0.09605692575227082,-0.9842090736647883,1,1,,
node,,,Bluemarine,,334.0658617698013,-0.14554623059294555,0.15990200019401427,31,31,,
node,,,Blueno,,261.5339366124404,0.3231761153741005,0.18094816248507659,19,28,,
node,,,Boa Hancock,,305.9411708155671,0.1501451878047538,-0.17274447939719093,26,28,,
node,,,Boa Marigold,,232.379000772445,0.2864268133991693,-0.24509292341123903,15,17,,
node,,,Boa Sandersonia,,232.379000772445,0.28693905119706103,-0.2431658620342992,15,17,,
node,,,Bobbin,,578.6190456595773,0.11517724971302992,-0.23664635795721106,93,93,,
node,,,Bobby Funk,,60.0,0.41825434091032276,0.8166384388965083,1,1,,
node,,,Bobomba,,411.33927602406266,-0.00557988408210842,0.01261243406010152,47,72,,
node,,,Bogard,,584.8076606885378,0.014302434547766744,-0.10843093774988811,95,95,,
node,,,Bomba,,411.33927602406266,-0.011134961099447461,0.011542248876571872,47,72,,
node,,,Bonk Punch,,240.0,-0.15292699215263433,0.42451570364001917,16,16,,
node,,,Boo,,402.49223594996215,0.004215415850875797,0.020691943691730073,45,51,,
node,,,Boogie,,274.9545416973504,0.14568534771516417,0.2117741197469861,21,21,,
node,,,Borsalino,,584.8076606885378,0.014825855193992642,-0.10282261224998676,95,95,,
node,,,Bouche,,578.6190456595773,0.07675681307742849,-0.2575429650826636,93,93,,
node,,,Boxer,,84.8528137423857,0.21730764119014215,0.1997284222366146,2,2,,
node,,,Braham,,261.5339366124404,-0.3815998524812758,0.8408280108153411,19,22,,
node,,,Brannew,,584.8076606885378,0.022723487478220197,-0.11046093381429577,95,95,,
node,,,Brew,,491.12116631234704,-0.1270385740847158,0.1030054650568689,67,67,,
node,,,Briscola,,596.992462263972,0.12653082072349445,0.10247111876141393,99,99,,
node,,,Brocca,,491.12116631234704,-0.14570992795628981,0.08685969542194512,67,67,,
node,,,Brogy,,169.7056274847714,-0.30484207109227873,-0.30393660718648413,8,8,,
node,,,Brook,,654.5227268781429,-0.009114749026290595,0.06174325924693577,119,137,,
node,,,Browndros BeardriguezChadros Higelyges,,189.73665961010278,-0.28898455664051387,0.21281590652960813,10,16,,
node,,,Bubblegum,,274.9545416973504,0.1642360712218946,0.18989580285963314,21,21,,
node,,,Buchi,,120.0,-0.25803319950265374,-0.05169507512591081,4,4,,
node,,,Buckingham Stussy,,287.74989139876317,0.07132464382366636,-0.08324768820883938,23,23,,
node,,,Buffalo,,274.9545416973504,-0.0880252991557191,-0.048300606716788284,21,21,,
node,,,Buggy,,553.1726674375732,-0.09601207548569597,0.023968380736270254,85,108,,
node,,,Building Snake,,240.0,-0.1457299781987454,0.4083017255634086,16,16,,
node,,,Bulldog,,84.8528137423857,-0.12053791182798146,-0.4117832696345202,2,2,,
node,,,Bunch,,354.96478698597696,-0.23498494281757062,-0.04180751395695443,35,35,,
node,,,Bunkov,,334.0658617698013,-0.11205227255508322,-0.07621793904425687,31,31,,
node,,,Bunny Joe,,261.5339366124404,-0.1351647905908244,-0.1298662585847299,19,19,,
node,,,Burr,,584.8076606885378,0.016243813073158895,-0.08977945682436314,95,97,,
node,,,Bushon,,84.8528137423857,0.5777019715587917,-0.023396511908131575,2,2,,
node,,,Busshiri,,180.0,-0.2758786448685223,0.06732949540879071,9,9,,
node,,,CB Gallant,,334.0658617698013,-0.14115865687857443,0.1955090716774334,31,31,,
node,,,Cabaji,,224.49944320643647,-0.10019911997171628,-0.024856849835767025,14,29,,
node,,,Caesar Clown,,654.5227268781429,0.0009257916423331026,-0.060145212081552775,119,123,,
node,,,Caiman Lady,,596.992462263972,0.11302050551003248,0.13547713526201524,99,99,,
node,,,Camel,,240.0,-0.09617063269479781,-0.14958335934648095,16,16,,
node,,,Camie,,169.7056274847714,0.6270965112805639,0.009572508705111792,8,8,,
node,,,Cancer,,584.8076606885378,0.021180068090691524,-0.10269837926757244,95,95,,
node,,,Cans,,491.12116631234704,-0.14138906653432615,0.0851100245066841,67,67,,
node,,,Capone Bege,,590.9314681077662,0.11452807485084403,-0.2619788386275665,97,97,,
node,,,Capone Pez,,559.642743185329,0.10819339480831867,-0.28344209920588914,87,88,,
node,,,Capote,,240.0,-0.18220016876942027,0.19125497748648582,16,16,,
node,,,Carelesso,,584.8076606885378,0.024759362376099745,-0.10392479680485561,95,101,,
node,,,Caribou,,566.0388679233962,-0.00040048010450135255,0.14561982763736564,89,90,,
node,,,Carmel,,180.0,0.17163218915085346,-0.020541936985873723,9,9,,
node,,,Carne,,120.0,-0.05583448645886531,0.015370677093923608,4,4,,
node,,,Carrot,,533.2916650389353,-0.0058976344200594435,0.08638579532947695,79,99,,
node,,,Catacombo,,584.8076606885378,0.0055309276413498,-0.08515716002991497,95,95,,
node,,,Catarina Devon,,393.44631145812,-0.08358808466707604,-0.09243564029966647,43,47,,
node,,,Caucasus-Man,,600.0,0.12113753255854304,0.09111948575036762,100,109,,
node,,,Cavendish,,397.994974842648,0.006601848153455505,-0.004960572480388882,44,46,,
node,,,Cerberus,,328.63353450309967,-0.12403983248158224,-0.07649013505097751,30,30,,
node,,,Cezar,,247.38633753705963,-0.7249355942782341,-0.6585088530887614,17,17,,
node,,,Chaka,,158.74507866387543,-0.269369149694488,-0.13571757512050822,7,7,,
node,,,Chao,,247.38633753705963,0.023867411049624802,-0.024457440219233666,17,28,,
node,,,Chap,,247.38633753705963,-0.720241071158656,-0.682184363553434,17,17,,
node,,,Chappe,,189.73665961010278,-0.2704353136886323,0.21541977875456805,10,16,,
node,,,Charlotte Akimeg,,605.9702963017246,0.0935648397025134,-0.2474466601203591,102,182,,
node,,,Charlotte Allmeg,,605.9702963017246,0.0896073425628696,-0.2530352135035052,102,182,,
node,,,Charlotte Amande,,605.9702963017246,0.0934550841644195,-0.24357948849251124,102,177,,
node,,,Charlotte Anana,,605.9702963017246,0.1059329924052729,-0.24773658914296348,102,177,,
node,,,Charlotte Angel,,605.9702963017246,0.09372490209728246,-0.2409852977109433,102,177,,
node,,,Charlotte Anglaise,,605.9702963017246,0.11395017133647405,-0.2699712518098794,102,177,,
node,,,Charlotte Basans,,605.9702963017246,0.0976648437960304,-0.24710889169068714,102,177,,
node,,,Charlotte Bassquarte,,605.9702963017246,0.09949081502595047,-0.24097472388875882,102,177,,
node,,,Charlotte Bavarois,,605.9702963017246,0.08562479407221806,-0.25470468324320433,102,177,,
node,,,Charlotte Brownie,,605.9702963017246,0.08902505986565556,-0.24568544556379843,102,177,,
node,,,Charlotte Broye,,605.9702963017246,0.0907115828774121,-0.257074629296615,102,177,,
node,,,Charlotte Brulee,,605.9702963017246,0.09874256576711754,-0.23964246505961864,102,177,,
node,,,Charlotte Cabaletta,,605.9702963017246,0.10848616517145045,-0.2543161060177009,102,177,,
node,,,Charlotte Cadenza,,605.9702963017246,0.11004394639586958,-0.24991179531502092,102,177,,
node,,,Charlotte Chiboust,,605.9702963017246,0.10063821780511045,-0.2670806252704069,102,177,,
node,,,Charlotte Chiffon,,559.642743185329,0.11580915809582339,-0.2836184945185921,87,88,,
node,,,Charlotte Cinnamon,,605.9702963017246,0.11338868941434911,-0.2534047165796978,102,177,,
node,,,Charlotte Citron,,605.9702963017246,0.09640073700704269,-0.2613897741858228,102,177,,
node,,,Charlotte Compo,,605.9702963017246,0.10047649748752079,-0.26749284716290334,102,177,,
node,,,Charlotte Compote,,605.9702963017246,0.09309883447018195,-0.2626700717593308,102,177,,
node,,,Charlotte Cornstarch,,605.9702963017246,0.06621537213705528,-0.25178584873235477,102,177,,
node,,,Charlotte Counter,,605.9702963017246,0.09231577010081121,-0.23859181798564624,102,177,,
node,,,Charlotte Cracker,,605.9702963017246,0.08867834280048503,-0.2702333235636646,102,177,,
node,,,Charlotte Custard,,605.9702963017246,0.09148430644785742,-0.24992746969901178,102,177,,
node,,,Charlotte Dacquoise,,605.9702963017246,0.1055669300850998,-0.2496793977766172,102,177,,
node,,,Charlotte Daifuku,,605.9702963017246,0.1015433122987471,-0.24284169093864708,102,177,,
node,,,Charlotte De-Chat,,549.9090833947008,0.10609754249964877,-0.2794741957105003,84,84,,
node,,,Charlotte Dolce and Dragée,,605.9702963017246,0.10399037952353755,-0.2407125778554687,102,177,,
node,,,Charlotte Dosmarche,,605.9702963017246,0.1051128656515578,-0.252718819438987,102,177,,
node,,,Charlotte Effiler,,605.9702963017246,0.10795009733375843,-0.2393029109232033,102,177,,
node,,,Charlotte Flampe,,605.9702963017246,0.08884444516971682,-0.24772436493248182,102,177,,
node,,,Charlotte Fuyumeg,,605.9702963017246,0.10825680407698995,-0.2516087539320857,102,182,,
node,,,Charlotte Gala,,549.9090833947008,0.09759988504945401,-0.27716284751691017,84,84,,
node,,,Charlotte Galette,,605.9702963017246,0.10194944582153727,-0.25533558844248244,102,177,,
node,,,Charlotte Hachee,,605.9702963017246,0.0860650317865355,-0.2608019481195466,102,177,,
node,,,Charlotte Harumeg,,605.9702963017246,0.1067879751781833,-0.26135003655795136,102,182,,
node,,,Charlotte High-Fat,,605.9702963017246,0.10740592156233925,-0.23989382868306444,102,177,,
node,,,Charlotte Joconde,,605.9702963017246,0.10580469627113374,-0.2490251033876624,102,177,,
node,,,Charlotte Joscarpone,,605.9702963017246,0.0840009544335781,-0.2514568423559997,102,177,,
node,,,Charlotte Kanten,,605.9702963017246,0.09447333236733572,-0.2556632089420782,102,177,,
node,,,Charlotte Katakuri,,605.9702963017246,0.07924230936237273,-0.26406969970649347,102,177,,
node,,,Charlotte Laurin,,605.9702963017246,0.09864718989641992,-0.26353130872643726,102,177,,
node,,,Charlotte Linlin,,654.5227268781429,0.070568549859891,-0.1986833269048262,119,200,,
node,,,Charlotte Lola,,556.4171097297423,0.08643101212599387,-0.2945751400076208,86,87,,
node,,,Charlotte Maple,,605.9702963017246,0.1145182384657817,-0.2465084857504952,102,177,,
node,,,Charlotte Marble,,605.9702963017246,0.11249363652870187,-0.26190768106026774,102,177,,
node,,,Charlotte Marnier,,605.9702963017246,0.09559937601158092,-0.2705053269315746,102,177,,
node,,,Charlotte Mascarpone,,605.9702963017246,0.09908808124861293,-0.25205615759901867,102,177,,
node,,,Charlotte Mash,,605.9702963017246,0.10993286169276835,-0.2585307234484019,102,177,,
node,,,Charlotte Melise,,605.9702963017246,0.07737626807501326,-0.2605609839896642,102,177,,
node,,,Charlotte Mobile,,605.9702963017246,0.08661290348954856,-0.25823111764836687,102,177,,
node,,,Charlotte Monder,,605.9702963017246,0.08674808391376547,-0.2614709160570017,102,177,,
node,,,Charlotte Montb,,605.9702963017246,0.10055944120764235,-0.2444210269606372,102,177,,
node,,,Charlotte Montd'OrCharlotte Mont-d'Or,,605.9702963017246,0.08048911333959567,-0.25474865171698996,102,177,,
node,,,Charlotte Moscato,,605.9702963017246,0.08997746430913027,-0.2624250263690709,102,177,,
node,,,Charlotte Mozart,,605.9702963017246,0.10443526254278279,-0.2644072427428878,102,177,,
node,,,Charlotte Myukuru,,605.9702963017246,0.08589522633323556,-0.23889108669025944,102,177,,
node,,,Charlotte Newshi,,605.9702963017246,0.09574560507166276,-0.24088005930712114,102,182,,
node,,,Charlotte Noisette,,605.9702963017246,0.11499151368624412,-0.25283035092126444,102,177,,
node,,,Charlotte Normande,,549.9090833947008,0.1089768029840408,-0.27231378618611585,84,84,,
node,,,Charlotte Nougat,,605.9702963017246,0.09076702590012045,-0.2582265668246395,102,177,,
node,,,Charlotte Nusstorte,,605.9702963017246,0.08712517762463468,-0.25426864249569114,102,177,,
node,,,Charlotte Nutmeg,,605.9702963017246,0.0946044208562839,-0.2518776663497974,102,182,,
node,,,Charlotte Opera,,605.9702963017246,0.09272000009850287,-0.26515069809171465,102,177,,
node,,,Charlotte Oven,,605.9702963017246,0.09783917129878124,-0.2644895457121998,102,177,,
node,,,Charlotte Panna,,605.9702963017246,0.09155255177394293,-0.26740850109556225,102,177,,
node,,,Charlotte Perospero,,605.9702963017246,0.11051993235505735,-0.2528941004283743,102,177,,
node,,,Charlotte Poire,,605.9702963017246,0.0943448951586752,-0.24645890036228832,102,177,,
node,,,Charlotte Praline,,643.4283176858164,0.08077157451284273,-0.22866298025378243,115,191,,
node,,,Charlotte Prim,,605.9702963017246,0.10248516050689153,-0.2506260882242198,102,177,,
node,,,Charlotte Pudding,,605.9702963017246,0.09262201427302444,-0.2606231105892777,102,177,,
node,,,Charlotte Raisin,,605.9702963017246,0.09493450004294689,-0.2497972141428546,102,177,,
node,,,Charlotte Saintmarc,,605.9702963017246,0.10117459847037549,-0.26028195630023665,102,177,,
node,,,Charlotte Smoothie,,605.9702963017246,0.09148718934376379,-0.24738064457973452,102,177,,
node,,,Charlotte Snack,,605.9702963017246,0.10048873484692956,-0.23848315694400501,102,177,,
node,,,Charlotte Tablet,,605.9702963017246,0.10374593188942068,-0.2544203260323552,102,177,,
node,,,Charlotte Uiro,,549.9090833947008,0.11438210708153781,-0.27176779198534823,84,84,,
node,,,Charlotte Wafers,,549.9090833947008,0.1072682139986945,-0.2877283078696146,84,84,,
node,,,Charlotte Yuen,,605.9702963017246,0.10246904737582799,-0.24069977978292673,102,177,,
node,,,Charlotte Zuccotto,,605.9702963017246,0.11628798896422961,-0.2522068034269266,102,177,,
node,,,Chess,,120.0,0.4157622231354911,-0.07641800461165515,4,8,,
node,,,Chessmarimo,,120.0,0.42747533600099447,-0.05915313292175911,4,8,,
node,,,Chin,,134.1640786499874,0.9398619429347772,0.2587696128878284,5,5,,
node,,,Chiya,,254.5584412271571,-0.39437686516818304,0.8218631138588129,18,18,,
node,,,Chochin-Man,,596.992462263972,0.12552721846211487,0.12181115886548105,99,99,,
node,,,Choco-Police,,84.8528137423857,0.12236673187208824,-0.351488841131077,2,2,,
node,,,Chocolat,,198.997487421324,-0.046465463515546764,0.32232395633929206,11,11,,
node,,,Choi,,491.12116631234704,-0.1509678894435207,0.10280372847529629,67,67,,
node,,,Chome,,626.4183905346331,0.10880915696771652,0.13748579945695993,109,129,,
node,,,Choo,,254.5584412271571,0.09168431977808404,-0.13649046249358376,18,23,,
node,,,Chuchun,,240.0,-0.17944179401600324,0.17047989403648192,16,16,,
node,,,Clione,,526.4978632435274,0.018030625539795096,0.07338974705759119,77,85,,
node,,,Clou D. Clover,,274.9545416973504,-0.17365631204940357,0.007611369408186555,21,21,,
node,,,Coburn,,254.5584412271571,-0.39420100837251376,0.8420156773516607,18,18,,
node,,,Coby,,596.992462263972,0.04532063571501925,-0.09559055562317838,99,110,,
node,,,Cocoa,,198.997487421324,-0.03108318643209693,0.3319956005696485,11,11,,
node,,,Colscon,,491.12116631234704,-0.14961686851072883,0.09857291321918005,67,67,,
node,,,Columbus,,397.994974842648,-0.014908224796684123,0.003470648842861473,44,45,,
node,,,Comille,,587.8775382679627,-0.003516778243291646,-0.1105146688615446,96,99,,
node,,,Compo,,274.9545416973504,0.17457531889586386,0.19406821235076868,21,21,,
node,,,Concelot,,533.2916650389353,0.0056688905092975635,0.08771324688613152,79,99,,
node,,,Corgy,,305.9411708155671,-0.1285392392368745,-0.17392574437229344,26,26,,
node,,,Coribou,,207.84609690826525,-0.028845927454063086,0.24766581537585045,12,13,,
node,,,Cornelia,,261.5339366124404,-0.2781501132110544,0.11810872427355223,19,19,,
node,,,Cosette,,169.7056274847714,-0.014118415892221308,0.2511431103692962,8,8,,
node,,,Cosmo,,120.0,0.34442478051595005,0.22862078026413382,4,4,,
node,,,Cosmos,,232.379000772445,0.3212572017729202,-0.268305280687461,15,15,,
node,,,Cotton,,411.33927602406266,0.00967870431659408,0.009201089514949653,47,72,,
node,,,Couran,,247.38633753705963,-0.7160194141603514,-0.6586521982589645,17,17,,
node,,,Crocodile,,526.4978632435274,-0.13608070289696989,-0.06814598578538122,77,85,,
node,,,Crocus,,334.0658617698013,-0.12455602707191979,0.20082619956678968,31,31,,
node,,,Crone Oli,,240.0,-0.1600193874961822,0.4126696304507415,16,16,,
node,,,Cub,,411.33927602406266,0.0038671606139399402,0.0054316524746080815,47,72,,
node,,,Curiel,,491.12116631234704,-0.14811096693920695,0.0819018400139484,67,67,,
node,,,Curly Dadan,,134.1640786499874,-0.26646496911908363,-0.05176939326842248,5,5,,
node,,,Dagama,,60.0,-0.9850300445410873,-0.15041964855013712,1,1,,
node,,,Dago,,198.997487421324,0.29037867307241355,0.0998400798762195,11,11,,
node,,,Daifugo,,777.6888838089433,0.06639240839403616,0.10142578179045304,168,179,,
node,,,Daigin,,584.8076606885378,0.04242692912357867,-0.090635512824406,95,95,,
node,,,Daikoku,,626.4183905346331,0.10569709395718445,0.13015389597827573,109,129,,
node,,,Daikon,,411.33927602406266,-0.009382319052275429,0.008090863558310612,47,61,,
node,,,Daisy,,232.379000772445,0.33003696421849443,-0.2515422385997353,15,15,,
node,,,Dalmatian,,584.8076606885378,0.028388257810830028,-0.0912079391400623,95,95,,
node,,,DaltonDolton,,60.0,0.6419023693013588,0.25876034955614896,1,1,,
node,,,Daruma,,198.997487421324,-0.16375449460166852,-0.5988697532672298,11,11,,
node,,,Dashiteyaro,,268.3281572999748,0.07659025246530798,0.21288661382005852,20,20,,
node,,,Davy D. Jones,,103.92304845413263,0.06682683770762642,-0.15521157634248317,3,3,,
node,,,Daz Bonez,,384.1874542459709,-0.19162366398577171,-0.05539118107289522,41,43,,
node,,,DeCalvan Brothers,,491.12116631234704,-0.13440566287967948,0.07886201786650955,67,67,,
node,,,Decuplets,,605.9702963017246,0.09944269649041454,-0.24623324514597436,102,177,,
node,,,Delacuaji,,491.12116631234704,-0.11649622219095877,0.08784544875604543,67,67,,
node,,,Dellinger,,274.9545416973504,-0.09334341651021703,-0.07113195071314729,21,21,,
node,,,Demaro Black,,198.997487421324,-0.05751989242136721,0.32228014563731244,11,11,,
node,,,Denjiro,,623.5382907247958,0.03706677259253115,0.11487839727577219,108,141,,
node,,,Diamante,,274.9545416973504,-0.07798964805156962,-0.06175090687682674,21,21,,
node,,,Didit,,120.0,-0.4822578117184249,-0.07537122392399782,4,4,,
node,,,Diesel,,578.6190456595773,0.07510848472390919,-0.23866335602961292,93,93,,
node,,,Disc J,,274.9545416973504,0.15506787995029359,0.20320458626079832,21,21,,
node,,,Dive,,274.9545416973504,0.14813806867633772,0.21962781125350123,21,21,,
node,,,Django,,596.992462263972,-0.029386971213547882,-0.07564258155311862,99,99,,
node,,,Doberman,,584.8076606885378,-0.0025576074601671747,-0.10098727229632098,95,95,,
node,,,Dobon,,596.992462263972,0.11359134171823328,0.12140088908576878,99,99,,
node,,,Doc Q,,240.0,-0.09527640246343631,-0.158895523233308,16,16,,
node,,,Dogura,,134.1640786499874,-0.2677539802266372,-0.023297044419358027,5,5,,
node,,,Dogya,,261.5339366124404,-0.2577446789510822,0.12926748851033124,19,19,,
node,,,Doll,,584.8076606885378,0.019943322266297882,-0.11031910744608053,95,97,,
node,,,Doma,,491.12116631234704,-0.12408406955451724,0.09614368739543996,67,67,,
node,,,Domino,,334.0658617698013,-0.10456489538957428,-0.0699716509484377,31,31,,
node,,,Don Quixote Doflamingo,,562.8498911788116,-0.03997483551168135,-0.09269031588329144,88,99,,
node,,,Don Quixote Homing,,305.9411708155671,-0.13166495158451175,-0.1819186099958535,26,26,,
node,,,Don Quixote Mjosgard,,305.9411708155671,-0.1238254459555298,-0.18637102887352142,26,27,,
node,,,Don Quixote Rocinante,,704.8404074682438,-0.039607944256496996,-0.10645610250231032,138,142,,
node,,,Donannoyo,,596.992462263972,0.12368229999167939,0.1039912562737143,99,99,,
node,,,Donkino,,334.0658617698013,-0.13542994531365482,0.19728446394677485,31,31,,
node,,,Donovan,,240.0,-0.19699883515575758,0.16934412455291473,16,16,,
node,,,Doringo,,334.0658617698013,-0.11949052679300068,0.17995463746336376,31,31,,
node,,,Dorrow,,584.8076606885378,0.026657862347236945,-0.08296183145051733,95,95,,
node,,,Dorry,,169.7056274847714,-0.3030386205119519,-0.3097480326320573,8,8,,
node,,,Dosun,,198.997487421324,-0.1443912531593653,-0.6090296957879024,11,11,,
node,,,Dotaku,,344.6737587922817,-0.03326242797980662,0.13090108987060206,33,33,,
node,,,Doubt Brothers,,596.992462263972,0.11170186033001382,0.10671959365185106,99,99,,
node,,,Dr. Fishbonen,,584.8076606885378,0.03182193233667321,-0.11471134302114708,95,95,,
node,,,Dr. Hou,,103.92304845413263,-0.3043793741014544,-0.16206385676255636,3,3,,
node,,,Dr. Noshirtkutz Tofayme,,120.0,0.8547541920277959,-0.40397069814384895,4,4,,
node,,,Dr. Vegapunk,,600.0,0.035327402096743864,-0.06570866879137335,100,101,,
node,,,Dracule Mihawk,,247.38633753705963,-0.07315847349309418,-0.09441749240095844,17,19,,
node,,,Dragon Number Twenty-One,,216.33307652783935,-0.14551512206718797,0.21814426932088207,13,13,,
node,,,Drophy,,354.96478698597696,-0.2308832901127932,-0.03569173289986344,35,41,,
node,,,Drug Peclo,,180.0,0.17351643423801277,-0.019885092616035067,9,9,,
node,,,Du Feld,,224.49944320643647,0.11582825829468335,-0.011033244962512992,14,15,,
node,,,Ducky Bree,,261.5339366124404,-0.282285743165498,0.12790914315093746,19,19,,
node,,,Duke Genghis Baan,,240.0,-0.003539387729722436,0.14610928119502808,16,16,,
node,,,Dumas Fayes,,120.0,-0.47100372629253473,-0.07286405296461318,4,4,,
node,,,Dumas Regal IX,,120.0,-0.44931137587784964,-0.077342807175215,4,4,,
node,,,Duval,,60.0,0.7005099095977745,0.7122668606476066,1,1,,
node,,,Earth Boss,,120.0,0.5758608926093038,0.7474282836683184,4,5,,
node,,,Eddy,,169.7056274847714,-0.3943438985016681,-0.059362007839033545,8,8,,
node,,,Edward Newgate,,559.642743185329,-0.06778816706806995,0.008000407137083105,87,90,,
node,,,Edward Weevil,,198.997487421324,-0.06603204855735552,-0.1125160365861584,11,11,,
node,,,Eggplant Soldier,,578.6190456595773,0.07873500443815809,-0.24705091063494594,93,93,,
node,,,Eiyess Emmar,,584.8076606885378,0.02740939987820246,-0.0956897867595591,95,95,,
node,,,Elio,,334.0658617698013,-0.12846210036493927,0.19277083219560273,31,31,,
node,,,Elizabero II,,60.0,-0.9394758179199331,-0.1687937009318502,1,1,,
node,,,Elmy,,491.12116631234704,-0.1479043027945495,0.09541309224668972,67,67,,
node,,,Emma,,274.9545416973504,0.16534162938249955,0.21853609112150818,21,21,,
node,,,Emporio Ivankov,,420.0,-0.10948309295735953,-0.08117876571375694,49,54,,
node,,,Eneru,,207.84609690826525,0.3788967267903947,0.40506842821156036,12,12,,
node,,,Epoida,,491.12116631234704,-0.14946350452558568,0.07847164895802526,67,67,,
node,,,Epony,,169.7056274847714,-0.018993530688728916,0.2507349828918298,8,8,,
node,,,Eric,,134.1640786499874,-0.3655545070031796,-0.13527912421068178,5,5,,
node,,,Eris,,103.92304845413263,0.06251410844313866,-0.16277321602754344,3,3,,
node,,,Eustass Kid,,584.8076606885378,0.05043983175795063,0.11864327131646607,95,98,,
node,,,Farul,,397.994974842648,0.003988156890232955,-0.0008267599948199077,44,46,,
node,,,Faust,,60.0,0.22711702017563928,0.35658349754243795,1,1,,
node,,,Fen Bock,,189.73665961010278,-0.27968531834209065,0.19579289975411315,10,16,,
node,,,Finamore,,261.5339366124404,-0.265508443800137,0.12045439447017652,19,19,,
node,,,Fisher Tiger,,224.49944320643647,0.08982294830011286,-0.1596941689714026,14,14,,
node,,,Fiyonce,,103.92304845413263,0.8672470941426276,0.4026917162196078,3,3,,
node,,,Flapper,,411.33927602406266,-0.004291682379502012,0.0172340329554432,47,62,,
node,,,Footbianco,,198.997487421324,0.28174338815926564,0.09404946842808537,11,11,,
node,,,Forest Boss,,120.0,0.585709529220348,0.7339058824165577,4,5,,
node,,,Fossa,,491.12116631234704,-0.15242729546342096,0.08993131519132228,67,67,,
node,,,Fourtricks,,596.992462263972,0.10841895503473985,0.12642769654892544,99,99,,
node,,,Foxy,,240.0,-0.20412392545591124,0.16149264937385602,16,16,,
node,,,Francois,,334.0658617698013,-0.11883417518965139,-0.06659163801582077,31,31,,
node,,,Franky,,684.1052550594827,0.07032043277834461,0.052173524492029597,130,148,,
node,,,Fuga,,596.992462263972,0.11465980352203708,0.09911210507708952,99,108,,
node,,,Fugar,,240.0,-0.12896215795646018,0.42710319537529956,16,16,,
node,,,Fujin,,626.4183905346331,0.1038068094287848,0.1424225241674611,109,129,,
node,,,Fukaboshi,,134.1640786499874,0.13508085669948583,-0.556792032474914,5,5,,
node,,,Fukurokuju,,709.9295739719539,0.07114407084864457,0.1261997289751544,140,162,,
node,,,Fukurô,,261.5339366124404,0.3280936600790043,0.1926072618559441,19,28,,
node,,,Fullbody,,584.8076606885378,0.02137801977211408,-0.09355544148208725,95,95,,
node,,,Funkfreed,,261.5339366124404,0.33189923192826387,0.17097646425510732,19,28,,
node,,,Furrari,,247.38633753705963,-0.71469285726506,-0.6650268338487619,17,17,,
node,,,Fuza,,169.7056274847714,0.43657355631125894,0.5989633375432769,8,8,,
node,,,Gabu,,240.0,-0.1546576983326088,0.41266172642747634,16,16,,
node,,,Gack,,198.997487421324,-0.06094697702685969,0.3265819301561462,11,11,,
node,,,Gal,,584.8076606885378,0.014436572872164441,-0.08361441319920067,95,102,,
node,,,Galaxy,,120.0,0.3360702368008167,0.23619712639433574,4,4,,
node,,,Galdino,,411.33927602406266,-0.16529890426403182,-0.027564395879040117,47,64,,
node,,,Gambia,,397.994974842648,-0.010862738017625695,-0.003268583404307339,44,45,,
node,,,Gambo,,261.5339366124404,-0.15044433321346526,-0.1321849360413167,19,19,,
node,,,Gangaru,,600.0,0.1025748360890962,0.11220801083267075,100,103,,
node,,,Ganryu,,424.26406871192853,-0.1867149712294089,0.15922764222364644,50,50,,
node,,,Ganzui,,364.96575181789314,-0.009157316621994054,-0.1927435833482594,37,39,,
node,,,Garudan,,600.0,0.1230287607646852,0.10402501164633347,100,103,,
node,,,Gatherine,,305.9411708155671,-0.12403907998781068,-0.187459253645823,26,26,,
node,,,Gazelle-Man,,777.6888838089433,0.06300543666924756,0.10190628682370051,168,179,,
node,,,Gecko Moria,,344.6737587922817,-0.05245227293670243,-0.17392192980871016,33,33,,
node,,,Gedatsu,,207.84609690826525,0.49931649215293766,0.6279704244817826,12,12,,
node,,,Gem,,354.96478698597696,-0.23747964748218947,-0.026646027384348625,35,41,,
node,,,Genbou,,261.5339366124404,-0.37618313205770787,0.832814988640953,19,22,,
node,,,Genista,,189.73665961010278,0.3378461025859564,-0.3516440493067351,10,10,,
node,,,George,,305.9411708155671,-0.13295212019018723,-0.18789693682026648,26,26,,
node,,,George Mach,,240.0,-0.17738651252745924,0.1627105822917981,16,16,,
node,,,Gerd,,432.6661530556787,-0.03608920409401817,0.013352623296444462,52,60,,
node,,,Giberson,,180.0,0.1835835840538901,-0.017954835148580567,9,9,,
node,,,Gig,,274.9545416973504,0.15815078864242282,0.2114328973398071,21,21,,
node,,,Gill Bastar,,364.96575181789314,0.0024235404393583996,-0.1757596076864677,37,39,,
node,,,Gin,,134.1640786499874,-0.9661834097259373,0.1772105300142744,5,5,,
node,,,Gina,,240.0,-0.1893407292141221,0.14860276228063113,16,16,,
node,,,Ginny,,261.5339366124404,-0.14793427195784328,-0.09371609755455905,19,22,,
node,,,Ginrummy,,596.992462263972,0.1143184080804552,0.1085032845380771,99,99,,
node,,,Giolla,,274.9545416973504,-0.09597170002004557,-0.054771540177862864,21,21,,
node,,,Gion,,584.8076606885378,0.03576507149480107,-0.0976548034230763,95,95,,
node,,,Giovanni,,533.2916650389353,0.00254977626238376,0.07699164805522209,79,99,,
node,,,Gismonda,,224.49944320643647,0.36786826882256884,0.19261809473517086,14,14,,
node,,,Gladius,,274.9545416973504,-0.09502828909873633,-0.060353653650968356,21,21,,
node,,,Gloriosa,,379.47331922020555,0.18937234559600297,-0.21932924209203425,40,42,,
node,,,Gode,,169.7056274847714,0.4425397635637517,0.5651715565973908,8,8,,
node,,,Gohngeddit Juanpeace,,120.0,0.8657255637303014,-0.43702666184383254,4,4,,
node,,,Goki,,596.992462263972,0.13184568949849776,0.12605367483196964,99,108,,
node,,,Gol D. Roger,,393.44631145812,-0.1184886966389274,0.10843894623530057,43,43,,
node,,,Goldberg,,432.6661530556787,-0.02829028648664918,0.016928551444875622,52,60,,
node,,,Gomorrah,,198.997487421324,0.29460763285688374,0.068230734793876,11,11,,
node,,,Googly,,134.1640786499874,0.9533125067543687,0.28571663878199277,5,5,,
node,,,Gorilla,,584.8076606885378,0.0056641143578779205,-0.08300420234528065,95,95,,
node,,,Gorishiro,,596.992462263972,0.13758487931998253,0.12759144048838092,99,99,,
node,,,Goro,,120.0,0.6024034039443175,0.7467914597380728,4,4,,
node,,,Gotti,,120.0,0.14152520901342172,-0.31824979296663397,4,4,,
node,,,Grabba,,247.38633753705963,-0.030493277426441215,0.04345642324195806,17,17,,
node,,,Gram,,180.0,-0.29159394199877686,0.06122881968527394,9,9,,
node,,,Grasshopper-Man,,600.0,0.11324286445056853,0.10899530741741408,100,109,,
node,,,Great Michael,,491.12116631234704,-0.14165380037789582,0.06727080136421709,67,67,,
node,,,Guernica,,224.49944320643647,0.37065217690543434,0.19261090141867354,14,14,,
node,,,Guillotine,,584.8076606885378,0.02023003354025239,-0.0849516832965464,95,95,,
node,,,Gurutaro,,364.96575181789314,0.015323426760929399,0.1241721164893637,37,37,,
node,,,Gyaro,,224.49944320643647,0.1102012587383509,-0.16149205046859752,14,16,,
node,,,Gyats,,180.0,0.2586023891745531,-0.36699927351706235,9,9,,
node,,,Gyogyo,,120.0,0.7289907440251588,0.633748698526246,4,4,,
node,,,Gyoro,,281.4249455894058,-0.05871025055435896,-0.24329495660762615,22,22,,
node,,,"Gyoro, Nin, Bao",,281.4249455894058,-0.07234947105413712,-0.24311664104773337,22,22,,
node,,,Gyro,,198.997487421324,-0.15892854974286613,-0.5996686019345614,11,11,,
node,,,Haccha,,596.992462263972,0.12160201508069919,0.12823101330041597,99,108,,
node,,,Hack,,261.5339366124404,-0.15106091116141254,-0.12158859533839785,19,19,,
node,,,Hajrudin,,432.6661530556787,-0.03004552910726835,0.011109693920107622,52,60,,
node,,,Hakugan,,526.4978632435274,0.016708067020203245,0.0833064675847738,77,85,,
node,,,Hamburg,,240.0,-0.18591497816151398,0.16999290810459497,16,18,,
node,,,Hamlet,,777.6888838089433,0.06598922976509301,0.09938085693317603,168,176,,
node,,,Hammond,,198.997487421324,-0.14186689447774783,-0.6104705115732082,11,11,,
node,,,Hanafuda,,198.997487421324,-0.059562782608806604,-0.10602557986060045,11,11,,
node,,,Hangan,,491.12116631234704,-0.1359362823002601,0.0738108588258171,67,67,,
node,,,Hanger,,120.0,0.2165346427798849,-0.09292039292259958,4,4,,
node,,,Hannyabal,,334.0658617698013,-0.1150588357736122,-0.08299524807242492,31,31,,
node,,,Hanzo,,596.992462263972,0.10935312624623462,0.10322653160852087,99,109,,
node,,,Harald,,169.7056274847714,-0.23155136519542102,0.1353753623548479,8,8,,
node,,,Hareji,,526.4978632435274,0.021090528071459672,0.07804519587508875,77,77,,
node,,,Haruta,,491.12116631234704,-0.13909395954125137,0.1098730226411318,67,67,,
node,,,Hatchan,,268.3281572999748,0.17979683554890752,-0.10310584472817022,20,25,,
node,,,Hatsume,,600.0,0.09928519332956114,0.10419123647885578,100,103,,
node,,,Hattori,,311.7691453623979,0.34117619210655825,0.16979764535680789,27,39,,
node,,,Hawk-Man,,596.992462263972,0.10686321152384315,0.12219465306206749,99,99,,
node,,,Heat,,584.8076606885378,0.05138914131917578,0.11810940018905186,95,98,,
node,,,Heercomes Dasun,,584.8076606885378,0.012569228232777311,-0.12439131073930872,95,95,,
node,,,Helmeppo,,584.8076606885378,0.03052038193443027,-0.08013059404287659,95,106,,
node,,,Heppoko,,120.0,0.16031584804725146,-0.06163506109117225,4,4,,
node,,,Hera,,605.9702963017246,0.13371781781435674,-0.26793944148885773,102,102,,
node,,,Herb,,254.5584412271571,-0.3792620059353092,0.8207804250749142,18,18,,
node,,,Hewitt,,169.7056274847714,-0.40776682462104247,-0.0528812344158886,8,8,,
node,,,Hibari,,584.8076606885378,0.015441062900430524,-0.0819306438428836,95,100,,
node,,,Hidayu,,562.8498911788116,0.004817032448520546,0.10099669741483448,88,110,,
node,,,Hihimaru,,777.6888838089433,0.0612680634969531,0.09708376473204883,168,176,,
node,,,Hikkomitsukumai,,268.3281572999748,0.09178591440771161,0.18496163638356017,20,20,,
node,,,Hildon,,281.4249455894058,-0.0792693911727046,-0.2374875449703326,22,22,,
node,,,Himuro,,629.285308902091,0.11040568554424532,0.1369690953796104,110,123,,
node,,,Hina,,584.8076606885378,0.02855274618965384,-0.10390293299257611,95,95,,
node,,,Hip,,274.9545416973504,0.1623714749703772,0.19891758247761404,21,21,,
node,,,Hippan Natte,,596.992462263972,0.11390908941406681,0.11451796054701659,99,99,,
node,,,Hippie,,84.8528137423857,-0.5147195925042387,0.9067803626167193,2,2,,
node,,,Hippo Gallant,,281.4249455894058,-0.05190319624232294,-0.2522863654937511,22,22,,
node,,,Hiramela,,103.92304845413263,0.8843820490144685,0.41188718799832563,3,3,,
node,,,Hiro Gomon,,84.8528137423857,-0.48264515584840667,0.8817126580123393,2,2,,
node,,,Hitchinfra Itchin,,120.0,0.8956394151894299,-0.4195222052161517,4,4,,
node,,,Hocha,,180.0,-0.27958968079245106,0.08317740226073128,9,9,,
node,,,Hoe,,207.84609690826525,0.14447936128150493,-0.40668370072661286,12,12,,
node,,,Hogback,,281.4249455894058,-0.08112998535421193,-0.24405097791169436,22,22,,
node,,,Hoisassa,,268.3281572999748,0.08921338375503142,0.18877142796181515,20,20,,
node,,,Holdem,,596.992462263972,0.10630984552569557,0.13647758547787228,99,99,,
node,,,Holly,,169.7056274847714,0.44752146162085876,0.5752381407149416,8,8,,
node,,,Home,,60.0,-0.0481847773194927,0.35665392181730937,1,1,,
node,,,Hongo,,240.0,-0.1360714842562783,0.42432863997676173,16,16,,
node,,,Hop,,274.9545416973504,0.13205168791888822,0.21589109786189004,21,21,,
node,,,Hordy JonesHody Jones,,281.4249455894058,-0.05052399793855203,-0.45489240294723216,22,23,,
node,,,Horse-Man,,596.992462263972,0.11753092471512541,0.1422588443919862,99,99,,
node,,,Hotei,,626.4183905346331,0.11039489326439117,0.1381034307162875,109,119,,
node,,,Hotori and Kotori,,169.7056274847714,0.42618664486858215,0.5932271536832497,8,8,,
node,,,Hototogisu,,584.8076606885378,0.022751449313990913,-0.11799132250042543,95,95,,
node,,,Hound,,584.8076606885378,0.005237182410083287,-0.08661318778733927,95,95,,
node,,,House,,274.9545416973504,0.15155653023446905,0.1947625543046215,21,21,,
node,,,Hublot,,261.5339366124404,-0.2637852237155283,0.13957803673584906,19,19,,
node,,,Huck,,180.0,-0.27475375577520766,0.0647810446179832,9,9,,
node,,,Hustle,,134.1640786499874,-0.9505873269129699,0.19478808370068493,5,5,,
node,,,Hyogoro,,529.9056519796709,0.021575251973423915,0.08113066075554116,78,78,,
node,,,Hyoutauros,,189.73665961010278,-0.28405511391795113,0.2111411477115989,10,16,,
node,,,Hyouzou,,198.997487421324,-0.17112020497914357,-0.6068033896066133,11,11,,
node,,,Ibiributsu,,596.992462263972,0.13059921269748268,0.11305031723811766,99,99,,
node,,,Iceberg,,247.38633753705963,0.37990001677996205,0.074480851043558,17,17,,
node,,,Ideaman,,134.1640786499874,-0.9711808383287508,0.1904673983086729,5,5,,
node,,,Ideo,,397.994974842648,-0.004240086227810331,-0.0033064170364278836,44,47,,
node,,,Igaram,,360.0,-0.2509090398499766,-0.060274131302045966,36,36,,
node,,,Ikaros Much,,198.997487421324,-0.16345157434163546,-0.6120166861606919,11,11,,
node,,,Ikkaku,,526.4978632435274,0.001358844419513117,0.0777595694302126,77,85,,
node,,,Imu,,305.9411708155671,-0.116273914892152,-0.18008585129851742,26,26,,
node,,,Inazuma,,420.0,-0.10895307834102747,-0.08183845447976108,49,51,,
node,,,Inbi,,596.992462263972,0.11632132368832564,0.13155391254608823,99,108,,
node,,,Indigo,,84.8528137423857,0.1441672191522843,-0.11203255928914829,2,2,,
node,,,Inhel,,411.33927602406266,0.011578926424558265,0.008449000248769002,47,72,,
node,,,Inuarashi,,804.9844718999243,-0.05748593700670429,0.10498779566178801,180,238,,
node,,,Ippon Ume,,120.0,0.19333050771836738,-0.10959936441477172,4,4,,
node,,,Ipponmatsu,,120.0,0.2031788894032168,-0.07727067629549253,4,4,,
node,,,Isa,,254.5584412271571,-0.360049627666041,0.8477214978989447,18,18,,
node,,,Ishilly,,103.92304845413263,0.9019643616346108,0.4016466532839696,3,3,,
node,,,Islewan,,491.12116631234704,-0.1260772806144999,0.10054631122467285,67,67,,
node,,,Issho,,584.8076606885378,0.02645060371532439,-0.0956357357351034,95,95,,
node,,,Itomimizu,,240.0,-0.17038547093880155,0.1970675014851762,16,16,,
node,,,Iwatobi,,247.38633753705963,-0.7185775136644765,-0.6744217511406712,17,17,,
node,,,Izo,,734.8469228349534,-0.047361926472435686,0.09434229590329243,150,177,,
node,,,Jabari,,60.0,-0.7699345386483737,0.6399184894110939,1,1,,
node,,,Jabra,,261.5339366124404,0.3412353136749592,0.169664922657006,19,28,,
node,,,Jack,,596.992462263972,0.09851594848064285,0.1145770990788545,99,99,,
node,,,Jackson Burner,,334.0658617698013,-0.13426952256830463,0.2091327772034915,31,31,,
node,,,Jagger,,274.9545416973504,0.13121550245594676,0.22001514658793386,21,21,,
node,,,Jaguar D. Saul,,626.4183905346331,-0.04816126272305897,-0.14689909021133926,109,109,,
node,,,Jaki,,596.992462263972,0.12893105934567142,0.12366929291191908,99,108,,
node,,,Jarul,,169.7056274847714,-0.28705982691372706,-0.321594554732334,8,8,,
node,,,Jean Bart,,526.4978632435274,0.010033648533308587,0.07651701396633774,77,85,,
node,,,Jean Noueilles,,198.997487421324,-0.14917193219084246,-0.6096546557738387,11,11,,
node,,,Jeep,,247.38633753705963,-0.7230549603353859,-0.6784470080148748,17,17,,
node,,,Jero,,584.8076606885378,0.017763558379133675,-0.09311300654699958,95,102,,
node,,,Jerry,,60.0,-0.7427048129641974,0.6763040958981352,1,1,,
node,,,Jesus Burgess,,240.0,-0.09144874155619888,-0.15644035917127166,16,16,,
node,,,Jet,,397.994974842648,0.00379152437247051,0.0010211474569278946,44,47,,
node,,,Jewelry Bonney,,120.0,0.7422775770235475,0.6544884980873195,4,4,,
node,,,Jibuemon,,344.6737587922817,-0.030197139109055877,0.12585251767436,33,33,,
node,,,Jigoku-Benten,,626.4183905346331,0.11006495578272085,0.14264501695199971,109,129,,
node,,,Jigokukamabuta Megatenpanchiro,,158.74507866387543,0.06733930702806426,0.28116523535812377,7,7,,
node,,,Jigoro,,281.4249455894058,-0.06736515159367877,-0.24759566458791546,22,22,,
node,,,Jigra,,180.0,0.17642637632886848,-0.013492215140702812,9,9,,
node,,,Jinbe,,974.8846085563152,0.023810478875695984,-0.09308093019028844,264,291,,
node,,,Jiron,,261.5339366124404,-0.146057955255142,-0.12310604271207745,19,19,,
node,,,Johanna,,224.49944320643647,-0.23571818563203414,-0.27801899441928246,14,14,,
node,,,John,,364.96575181789314,-0.010111874718732964,-0.18936340855005543,37,39,,
node,,,John Giant,,584.8076606885378,0.010250910576218237,-0.11084084724937739,95,95,,
node,,,Johnny,,60.0,0.35640717184604886,-0.9578841875816715,1,1,,
node,,,Jorul,,189.73665961010278,-0.27313371177637835,-0.4131333159991789,10,10,,
node,,,Joseph,,224.49944320643647,0.363692646211858,0.18253347475424173,14,14,,
node,,,Jozu,,491.12116631234704,-0.12283096052322792,0.09789361620612802,67,67,,
node,,,Jujiro,,562.8498911788116,-0.0068887496914023195,0.09524231105271301,88,110,,
node,,,Juki,,596.992462263972,0.11940006262687529,0.12088871364441153,99,108,,
node,,,Julius,,491.12116631234704,-0.14296113416124023,0.06887869418265928,67,67,,
node,,,Jumper,,600.0,0.1063862643849632,0.10947332135411585,100,109,,
node,,,Junan,,60.0,0.6241535539479401,0.14301487625418546,1,1,,
node,,,Kadar,,587.8775382679627,0.005998285759422102,-0.10660028556381371,96,99,,
node,,,Kagero,,562.8498911788116,-0.0006478705957759395,0.10070153812676104,88,110,,
node,,,Kaido,,657.2670690061993,0.08437535814796043,0.0347944713649828,120,122,,
node,,,Kairen,,146.96938456699067,0.7890480474746383,0.05068261535085135,6,6,,
node,,,Kaku,,328.63353450309967,0.31428275563421953,0.16551634844009921,30,42,,
node,,,Kaku-no Shin,,562.8498911788116,0.003332353689909044,0.09617025250236498,88,110,,
node,,,KalgaraCalgaraKalgala,,254.5584412271571,-0.3804557142659993,0.8139405672256146,18,18,,
node,,,Kalifa,,311.7691453623979,0.34764836933142024,0.16027253234788852,27,39,,
node,,,Kamakiri,,261.5339366124404,-0.37140089583403924,0.8418063189025182,19,22,,
node,,,Kamakiri-Girl,,600.0,0.1024373093529729,0.10170536085852776,100,109,,
node,,,Kamijiro,,596.992462263972,0.14063262490131986,0.11251096124085488,99,99,,
node,,,Kandre,,584.8076606885378,0.01864388818031001,-0.11507757797805047,95,95,,
node,,,Kaneshiro,,254.5584412271571,0.09382068790087045,-0.13364226844263286,18,23,,
node,,,Karasu,,261.5339366124404,-0.1450991345249529,-0.1306092526262171,19,19,,
node,,,Karin,,224.49944320643647,-0.19714185820516353,-0.2939224468750563,14,14,,
node,,,Karma,,494.77267507411926,-0.16354092871673206,0.09938167405062223,68,68,,
node,,,Karoo,,406.9397989875161,-0.1444250673216328,-0.02238858884221193,46,48,,
node,,,Kasagoba,,198.997487421324,-0.16188282857849048,-0.5888375634254924,11,11,,
node,,,Kashigami,,254.5584412271571,-0.3933266721853757,0.8313499711290836,18,18,,
node,,,Kashii,,344.6737587922817,-0.17225060920865834,-0.22537800040863523,33,34,,
node,,,Kato,,605.9702963017246,0.11544088566425387,-0.22792934984265872,102,177,,
node,,,Kawamatsu,,562.8498911788116,-0.0013472675471266188,0.10247098963064671,88,118,,
node,,,Kazekage,,596.992462263972,0.12822161269625523,0.12735165087892664,99,109,,
node,,,Kazenbo,,268.3281572999748,0.09996721175433002,0.19519039323880588,20,20,,
node,,,Kebi,,146.96938456699067,-0.32031142030392784,-0.10341820989669706,6,9,,
node,,,Kechatch,,491.12116631234704,-0.13992717407654204,0.1028338973461832,67,67,,
node,,,Kelly Funk,,60.0,0.44109310497351073,0.8317896200520681,1,1,,
node,,,Keygan,,134.1640786499874,-0.9531509214215337,0.17365394758415928,5,5,,
node,,,Kibagaeru,,240.0,-0.19921358931825278,0.16001452811980835,16,16,,
node,,,Kibin,,584.8076606885378,0.008817800716442203,-0.09960530283377168,95,95,,
node,,,Kicking Claw Force,,158.74507866387543,-0.25747629261177263,-0.14370004696936237,7,7,,
node,,,Kiev,,268.3281572999748,0.3244386665458052,0.1121244423058233,20,22,,
node,,,Kikipatsu,,240.0,-0.09214686470991343,-0.14625840104380092,16,16,,
node,,,Kiku,,189.73665961010278,0.3266699933510719,-0.3623668600534017,10,10,,
node,,,Kikunojo,,562.8498911788116,0.004437624068073541,0.09898505591943763,88,118,,
node,,,Kikyo,,189.73665961010278,0.3463123806446215,-0.33542977189029444,10,10,,
node,,,Killer,,584.8076606885378,0.054886686486177026,0.12087002903715313,95,98,,
node,,,Kimel,,261.5339366124404,-0.274444514784558,0.13132805443174006,19,19,,
node,,,Kin'emon,,562.8498911788116,0.0010934794502847221,0.09992256466765619,88,118,,
node,,,Kinderella,,84.8528137423857,0.1979687831703574,0.20846935108427903,2,2,,
node,,,King,,596.992462263972,0.12222694370305753,0.10375539236522718,99,99,,
node,,,Kinga,,491.12116631234704,-0.13434870259526416,0.0678619117599217,67,67,,
node,,,Kingbaum,,605.9702963017246,0.10173375857074642,-0.24753977625605716,102,177,,
node,,,Kingdew,,491.12116631234704,-0.12240115249273281,0.08658655734679968,67,67,,
node,,,Kirintauros,,189.73665961010278,-0.27304167527538814,0.1941387286781736,10,16,,
node,,,Koala,,344.6737587922817,-0.02714232623573238,-0.14215118774239938,33,33,,
node,,,Koda,,587.8775382679627,0.000349591080666684,-0.09080949632703002,96,99,,
node,,,Kojuro,,562.8498911788116,-0.0022371081961682724,0.10374564146531584,88,110,,
node,,,Kokoro,,120.0,0.3171912300692946,0.029111670940535295,4,4,,
node,,,Komachiyo,,556.4171097297423,0.02435434552245478,0.0775788256283566,86,87,,
node,,,Komakkov,,584.8076606885378,0.030925488858971836,-0.10976249931830193,95,95,,
node,,,Kong,,657.2670690061993,-0.02931386738241217,-0.12488009941529869,120,121,,
node,,,Kopp,,198.997487421324,0.30468094854028877,0.08633599209740692,11,11,,
node,,,Koshi Falcon,,596.992462263972,0.10648307107282481,0.12165854828409564,99,99,,
node,,,Kotatsu,,261.5339366124404,-0.269557664077467,0.12303390509039812,19,19,,
node,,,Koyama,,344.6737587922817,-0.021573666720140057,0.14650826425760136,33,33,,
node,,,Koza,,207.84609690826525,-0.26861920346849116,-0.10781989786404665,12,16,,
node,,,Koze,,60.0,0.28255303187081715,-0.9549484886859908,1,1,,
node,,,Kozuki Hiyori,,562.8498911788116,0.008840812639062522,0.09619637154880978,88,110,,
node,,,Kozuki Momonosuke,,562.8498911788116,-0.0007346774466082693,0.10067991008645628,88,110,,
node,,,Kozuki Oden,,668.1317235396026,-0.09425244722971372,0.1222384750176416,124,131,,
node,,,Kozuki Sukiyaki,,562.8498911788116,0.0052640002870546635,0.09423965642172843,88,110,,
node,,,Kozuki Toki,,668.1317235396026,-0.09360839363945578,0.12361528751567474,124,131,,
node,,,Krieg,,134.1640786499874,-0.9535170607424136,0.20599368192383777,5,5,,
node,,,Kujaku,,584.8076606885378,0.014990167281112765,-0.07705245058170315,95,102,,
node,,,Kukai,,543.3231082882451,-0.17246050642320282,0.10420947930019013,82,86,,
node,,,Kumacy,,281.4249455894058,-0.0621701198383935,-0.24938566039398846,22,23,,
node,,,Kumadori,,261.5339366124404,0.32235532291175145,0.1891307114148869,19,28,,
node,,,Kuni,,103.92304845413263,0.2323150713662097,0.23734415392076574,3,3,,
node,,,Kunyun,,596.992462263972,0.11220036600288527,0.14169080821818217,99,108,,
node,,,Kureha,,60.0,0.6927605324666049,0.15083806521125828,1,1,,
node,,,Kuro,,120.0,-0.2301198177612666,-0.0005050504374280074,4,4,,
node,,,Kuromarimo,,120.0,0.4141873299848442,-0.06758474811195385,4,8,,
node,,,Kuroobi,,254.5584412271571,0.08936888541194887,-0.13478228768851075,18,23,,
node,,,Kurosawa,,562.8498911788116,-0.0042465391691861275,0.09517941238074895,88,110,,
node,,,Kurozumi Higurashi,,274.9545416973504,0.09218677232212857,0.19640751932708164,21,23,,
node,,,Kurozumi Kanjuro,,818.2909018191513,0.05545579362014462,0.10879041712659791,186,237,,
node,,,Kurozumi Orochi,,629.285308902091,0.10314688761472735,0.1397224531896368,110,122,,
node,,,Kurozumi Semimaru,,274.9545416973504,0.10567832064897288,0.19006782604975367,21,23,,
node,,,Kurozumi Tama,,584.8076606885378,0.034731627752661205,0.10655963344921114,95,97,,
node,,,Kuween,,274.9545416973504,-0.09429615650425287,-0.042374317150677326,21,21,,
node,,,Kuzan,,632.1392251711643,-0.019454522549689414,-0.10047089455694751,111,111,,
node,,,Kyo,,247.38633753705963,0.03278121793349782,-0.15984894775459169,17,17,,
node,,,Kyros,,216.33307652783935,0.22600647782785835,-0.3002164483029194,13,13,,
node,,,Kyuji,,587.8775382679627,-0.005629275022184617,-0.10264397179157793,96,99,,
node,,,Laboon,,120.0,-0.10977307136468653,0.2505652896326968,4,4,,
node,,,Lacroix,,584.8076606885378,0.04350573393063622,-0.10485998751842086,95,96,,
node,,,Lafitte,,240.0,-0.09226780852850937,-0.1533135586983908,16,16,,
node,,,Langram,,334.0658617698013,-0.12749988665173878,0.16319265313904213,31,31,,
node,,,Lao G,,274.9545416973504,-0.08912649937736127,-0.04299559778190639,21,21,,
node,,,Lasky,,224.49944320643647,0.3624897664815449,0.20361130566568614,14,14,,
node,,,Lassoo,,354.96478698597696,-0.2323686971170957,-0.02895949050807726,35,41,,
node,,,Lemoncheese,,247.38633753705963,-0.7296132094087,-0.6566293734049609,17,17,,
node,,,Leo,,411.33927602406266,-0.0003808361229160137,0.005414619114862486,47,72,,
node,,,Leonero,,261.5339366124404,-0.2847919421009784,0.12069215244778854,19,19,,
node,,,Lily,,169.7056274847714,-0.4084317247148996,-0.0744391770018726,8,8,,
node,,,Lime Juice,,240.0,-0.13653173707128557,0.40599616317810694,16,16,,
node,,,Linaria,,240.0,-0.12719539411571087,0.43063475644110494,16,16,,
node,,,Lindbergh,,261.5339366124404,-0.1547126271561149,-0.13400805711514027,19,19,,
node,,,Lint,,180.0,-0.284619052186572,0.05522838732536531,9,9,,
node,,,Lip Doughty,,198.997487421324,-0.05550876823042008,0.33992911540578835,11,11,,
node,,,Little Oars Jr.,,491.12116631234704,-0.1464729309761577,0.09293519700446354,67,67,,
node,,,Loki,,84.8528137423857,-0.27241976608576585,-0.6406420563573059,2,2,,
node,,,Lola,,281.4249455894058,-0.0803854177913906,-0.24253875507723863,22,22,,
node,,,Lonz,,584.8076606885378,0.029362118373074498,-0.08503306129870061,95,96,,
node,,,Lowwing,,334.0658617698013,-0.1375758698893308,0.16264201247927149,31,31,,
node,,,Lucky Roux,,240.0,-0.14268549825708857,0.43466620959628804,16,16,,
node,,,Lulis,,146.96938456699067,0.8019714100172218,0.04765413948188408,6,6,,
node,,,Lun,,189.73665961010278,-0.2949613307305362,0.19535265314479078,10,16,,
node,,,Machvise,,274.9545416973504,-0.09939996069885798,-0.05572821007182584,21,21,,
node,,,Macro,,254.5584412271571,0.17348876306677505,-0.007449992012373617,18,20,,
node,,,Madillo-Man,,596.992462263972,0.1428621204137866,0.11218449383278355,99,99,,
node,,,Mag,,224.49944320643647,-0.22300596656043448,-0.299533493062261,14,14,,
node,,,Magellan,,334.0658617698013,-0.10563155866106598,-0.08417107650748526,31,31,,
node,,,Magura,,134.1640786499874,-0.27464692873625995,-0.022322927803830495,5,5,,
node,,,Maha,,224.49944320643647,0.37182218172073694,0.18903600005344215,14,14,,
node,,,Maidy,,103.92304845413263,-0.270938640166355,-0.1749457119410071,3,3,,
node,,,Maki,,240.0,-0.07755353379384361,-0.1500411470744388,16,16,,
node,,,Makino,,60.0,-0.9114288858121917,-0.3637449598086758,1,1,,
node,,,Makko,,584.8076606885378,0.005223047341619907,-0.09730827123821152,95,95,,
node,,,Mamboshi,,134.1640786499874,0.1161063117246417,-0.5355007068608567,5,5,,
node,,,Mameemee,,305.9411708155671,-0.1165977288345548,-0.18906660964106628,26,26,,
node,,,Mancherie,,247.38633753705963,0.046200716984082846,-0.010119979683288214,17,17,,
node,,,Mani,,169.7056274847714,-0.4140751626821248,-0.07966759469718891,8,8,,
node,,,Manjaro,,198.997487421324,-0.03728695365222459,0.3269418736666492,11,11,,
node,,,Marco,,712.460525222275,-0.05688315556544516,0.08433783579387752,141,144,,
node,,,Margaret,,232.379000772445,0.32648372904543166,-0.2742074523829136,15,15,,
node,,,Mari,,247.38633753705963,-0.7070284298535058,-0.6690587773352298,17,17,,
node,,,Maria Napole,,103.92304845413263,0.31661219271679325,-0.5753946280294018,3,3,,
node,,,Marianne,,354.96478698597696,-0.220693451620646,-0.05044836050088854,35,41,,
node,,,Marlon,,247.38633753705963,0.04441645723518037,-0.1617694528707401,17,17,,
node,,,Marshall D. Teech,,626.4183905346331,-0.09139223072557093,0.0023172878109464804,109,115,,
node,,,Mash,,60.0,0.6098671636116763,-0.7827344676664315,1,1,,
node,,,Masira,,84.8528137423857,0.6958578496639071,0.22770490578111405,2,2,,
node,,,Masked Deuce,,543.3231082882451,-0.1818586727507021,0.10011206041261954,82,86,,
node,,,Massui,,596.992462263972,0.10713620117117303,0.12156043352726853,99,99,,
node,,,Matsuge,,60.0,-0.3023689527888332,-0.24773276522950605,1,1,,
node,,,Max Marx,,334.0658617698013,-0.12736387463012827,0.16846865241966028,31,31,,
node,,,Maynard,,584.8076606885378,0.035791824301241504,-0.08743206730922332,95,95,,
node,,,Mayushka,,254.5584412271571,-0.38728490465310256,0.8194767527017307,18,18,,
node,,,McGuy,,491.12116631234704,-0.14415515780284915,0.09759503372951153,67,67,,
node,,,McKinley,,120.0,-0.3432990353003998,0.8688544440725461,4,4,,
node,,,McTreenald,,281.4249455894058,-0.06415834246375343,-0.2471768150036493,22,22,,
node,,,Meadows,,180.0,0.2636179131888628,-0.3527587137251495,9,9,,
node,,,Mecha-Shark,,103.92304845413263,0.004398386157844908,0.334598135606736,3,3,,
node,,,Megalo,,180.0,0.046422485790939334,-0.35845963336253067,9,9,,
node,,,Mello,,146.96938456699067,0.8232949530015066,0.03396598362177732,6,6,,
node,,,Mihal,,543.3231082882451,-0.1782014784879556,0.09943983862692808,82,86,,
node,,,Mikita,,354.96478698597696,-0.21645486370684958,-0.011536650916205713,35,41,,
node,,,Miles,,103.92304845413263,0.2726727861971426,-0.5657669794980085,3,3,,
node,,,Milky,,533.2916650389353,0.005700978281073654,0.07683551730096147,79,97,,
node,,,Mille Pine,,334.0658617698013,-0.13566423406507805,0.20738083977512253,31,31,,
node,,,Minatomo,,120.0,0.4479721673615204,0.8868821333328829,4,4,,
node,,,Minister of the Left,,180.0,0.039277081649088885,-0.36738534744237566,9,9,,
node,,,Minister of the Right,,180.0,0.05124799649776039,-0.3645617524328494,9,9,,
node,,,Minochihuahua,,334.0658617698013,-0.11890161645678332,-0.0641638492344337,31,31,,
node,,,Minokoala,,428.485705712571,-0.10441709844688338,-0.12472830801506855,51,57,,
node,,,Minorhinoceros,,428.485705712571,-0.10638318087525199,-0.1226240919090907,51,57,,
node,,,Minotaur,,428.485705712571,-0.10752433980033235,-0.12375442255797105,51,57,,
node,,,Minozebra,,428.485705712571,-0.11137367930881362,-0.1252298050472574,51,57,,
node,,,Misery,,578.6190456595773,0.11259628990470548,-0.22816600957544728,93,93,,
node,,,Miss Father's Day,,354.96478698597696,-0.23880804933154615,-0.030231850471833396,35,35,,
node,,,Miss Friday,,354.96478698597696,-0.23645790420914953,-0.037085450265401235,35,35,,
node,,,Miss Katherina,,354.96478698597696,-0.2251860414349509,-0.022231524639085225,35,35,,
node,,,Miss Monday,,354.96478698597696,-0.22775045878945951,-0.01453264145434949,35,35,,
node,,,Miyagi,,533.2916650389353,0.013612614105346517,0.0784531694487931,79,93,,
node,,,Mizerka,,596.992462263972,0.11295897805988245,0.10281541008895825,99,99,,
node,,,Mizuuta Madaisky,,120.0,-0.09784396576889245,0.258875264846899,4,4,,
node,,,Mizuuta Mawaritosky,,120.0,-0.11656523463510636,0.2639717489532109,4,4,,
node,,,Mjure,,169.7056274847714,-0.40184041794624653,-0.08283792203937357,8,8,,
node,,,Moai,,274.9545416973504,0.15942669808425453,0.18669868550994517,21,21,,
node,,,Moda,,287.74989139876317,-0.0979801434349077,-0.11812628455051861,23,23,,
node,,,Mohji,,224.49944320643647,-0.10220666613948662,-0.028385357701181727,14,29,,
node,,,Momonga,,584.8076606885378,0.01520960286051441,-0.0826958310699598,95,97,,
node,,,Momoo,,198.997487421324,0.07753506539663002,-0.00765556664054757,11,11,,
node,,,Mon-ji,,240.0,-0.05325858938653645,0.16129712973078913,16,16,,
node,,,Monda,,240.0,-0.1781166755696504,0.1784919054651324,16,16,,
node,,,Monet,,334.0658617698013,-0.1575872043173449,0.04841118789865797,31,31,,
node,,,Monjiro,,562.8498911788116,0.004528240552851849,0.0954180619422519,88,110,,
node,,,Monkey D. Dragon,,670.820393249937,-0.04006287314925612,-0.08802871127494198,125,129,,
node,,,Monkey D. Garp,,617.7378084592201,-0.015338798948684517,-0.07262492879319193,106,107,,
node,,,Monkey D. Luffy,,770.7139547199077,-0.04009196409316669,0.014397300403042223,165,191,,
node,,,Monster,,240.0,-0.15025464205518194,0.43214573659512723,16,16,,
node,,,Mont Blanc Cricket,,103.92304845413263,0.6824575785068867,0.09734313570951375,3,3,,
node,,,Mont Blanc Noland,,84.8528137423857,0.6710608291898079,-0.11081626447672611,2,2,,
node,,,Moocy,,180.0,0.2655922703310548,-0.3729167947074686,9,9,,
node,,,Moon Isaac Jr.,,334.0658617698013,-0.1517197553389649,0.18242847191109524,31,31,,
node,,,Moqueca,,247.38633753705963,-0.7324650657680857,-0.6651303690587691,17,17,,
node,,,Morgan,,584.8076606885378,0.018411742889665128,-0.09916915613013381,95,101,,
node,,,Morgans,,198.997487421324,0.16612397953416003,-0.06305872585733553,11,11,,
node,,,Morley,,261.5339366124404,-0.13187851983920343,-0.1336209648798595,19,19,,
node,,,Mosh,,274.9545416973504,0.1712052239757808,0.18525796685687282,21,21,,
node,,,Motobaro,,60.0,0.7039101811946052,0.6821191164237748,1,1,,
node,,,Mouji,,411.33927602406266,-1.9067547144159714e-05,0.016013584141066455,47,72,,
node,,,Mounbleten,,198.997487421324,-0.0696128552365146,0.3259798348481631,11,11,,
node,,,Mountain God,,344.6737587922817,-0.010513810538527318,0.13839255756728336,33,33,,
node,,,Mountain Ricky,,240.0,-0.17363438707549758,0.1835534768643282,16,16,,
node,,,Mouse-Man,,596.992462263972,0.10145557100888435,0.13343063377261435,99,99,,
node,,,Mozambia,,584.8076606885378,0.040021596125409294,-0.10406073095781294,95,95,,
node,,,Mozu and Kiwi,,198.997487421324,0.30074691557950145,0.07827892327839624,11,11,,
node,,,Mr. 10,,354.96478698597696,-0.2247453271015636,-0.047076284914026434,35,35,,
node,,,Mr. 11,,354.96478698597696,-0.21118057159161943,-0.04927775658754633,35,35,,
node,,,Mr. 12,,354.96478698597696,-0.22064595935006098,-0.032783378810738055,35,35,,
node,,,Mr. 13,,354.96478698597696,-0.24280854304189867,-0.03981922037165789,35,35,,
node,,,Mr. 6,,354.96478698597696,-0.2488356853324085,-0.02326718148811645,35,35,,
node,,,Mr. 7,,354.96478698597696,-0.21492947077981697,-0.03694780544792765,35,35,,
node,,,Mr. 9,,354.96478698597696,-0.21880161859586703,-0.04068634021484901,35,35,,
node,,,Mr. Beans,,354.96478698597696,-0.22014311081193103,-0.022775598725294638,35,35,,
node,,,Mr. Love,,379.47331922020555,-0.25113203375100035,-0.05575561491297721,40,40,,
node,,,Mr. Melow,,354.96478698597696,-0.23529309298162818,-0.04062827488713895,35,35,,
node,,,Mr. Momora,,334.0658617698013,-0.1453718497214267,0.17597555965858822,31,31,,
node,,,Mr. Shimizu,,354.96478698597696,-0.21485259273903312,-0.05371326035944122,35,35,,
node,,,Ms. Mother's Day,,354.96478698597696,-0.24033760647212496,-0.03478908665592412,35,35,,
node,,,Ms. Saturday,,354.96478698597696,-0.2245177802200716,-0.014150516414601508,35,35,,
node,,,Ms. Thursday,,354.96478698597696,-0.23370751831331743,-0.053403508693071186,35,35,,
node,,,Ms. Tuesday,,354.96478698597696,-0.22608226181611848,-0.05302246773822656,35,35,,
node,,,Muegren,,334.0658617698013,-0.14737888236714164,0.20596653568462317,31,31,,
node,,,Mushroom,,146.96938456699067,-0.15145031890700142,-0.045886801801419415,6,6,,
node,,,Musse,,254.5584412271571,-0.38430905246197683,0.8512881048434554,18,18,,
node,,,Nami,,673.4983296193095,0.014757884687959409,0.026762978803130485,126,144,,
node,,,Namule,,491.12116631234704,-0.14936581569407434,0.08982494729211116,67,67,,
node,,,Nangi,,596.992462263972,0.13410835127662046,0.10855239517254561,99,108,,
node,,,Napoleon,,617.7378084592201,0.07251410309157927,-0.21231469615807907,106,110,,
node,,,Nash,,146.96938456699067,-0.02953914433848689,0.10625260814637592,6,6,,
node,,,Nashi,,247.38633753705963,-0.7410029707386185,-0.660522130912782,17,17,,
node,,,Natto,,146.96938456699067,-0.32261120309829044,-0.09365660554303888,6,9,,
node,,,Nay Mingheim,,584.8076606885378,0.025956722590347557,-0.11614944998084153,95,95,,
node,,,Nefeltari Cobra,,247.38633753705963,-0.1634947894433914,-0.05246945560346353,17,19,,
node,,,Nefeltari D. Lily,,402.49223594996215,-0.15453424984744316,-0.10884158583457214,45,48,,
node,,,Nefeltari Titi,,158.74507866387543,-0.26256560739983115,-0.13686426925006023,7,7,,
node,,,Nefeltari Vivi,,487.4423042781576,-0.1533994804194841,-0.04478398084315864,66,73,,
node,,,Neggy,,247.38633753705963,-0.7313177480155958,-0.6844048345819768,17,17,,
node,,,Nekomamushi,,804.9844718999243,-0.05778045725781863,0.10687060240675193,180,236,,
node,,,Neoki,,596.992462263972,0.12527791028184943,0.12944698191502937,99,99,,
node,,,Neptune,,207.84609690826525,0.07429273649907095,-0.3956878813166898,12,14,,
node,,,Nerine,,189.73665961010278,0.34456201549782595,-0.3554987145917904,10,10,,
node,,,Nero,,224.49944320643647,0.3580792437575989,0.21106134623118142,14,14,,
node,,,Nezumi,,584.8076606885378,0.03783753426440398,-0.10993078268836821,95,95,,
node,,,Nico Olvia,,180.0,-0.2837838440674484,0.07738753066443761,9,9,,
node,,,Nico Robin,,829.2164976651152,-0.09094292382025393,0.027536416060473787,191,212,,
node,,,Nightcrab-Girl,,596.992462263972,0.11059887814283453,0.1259394124360011,99,99,,
node,,,Ninjin,,103.92304845413263,-0.1348653642206609,0.26947497523719083,3,3,,
node,,,Ninth,,491.12116631234704,-0.14250270821619002,0.1130264231150682,67,67,,
node,,,Nitro,,581.7215828899596,0.07432944287710828,-0.26264451350149615,94,95,,
node,,,Nodoi Wakan,,596.992462263972,0.12613965198389318,0.10813193179297241,99,99,,
node,,,Nokokuwa Police,,600.0,0.10397609151047815,0.1139987779100215,100,109,,
node,,,Nokotti,,596.992462263972,0.10998274908048393,0.10548074448396745,99,99,,
node,,,Nola,,261.5339366124404,-0.40666772286296204,0.8478371201379816,19,20,,
node,,,Notta Magician,,334.0658617698013,-0.10735987223747759,-0.06530214109347128,31,31,,
node,,,Nubon,,411.33927602406266,0.005425271091114066,0.010483591412660842,47,62,,
node,,,Nure-Onna,,596.992462263972,0.12894239714732664,0.10002501241052111,99,99,,
node,,,Oars,,281.4249455894058,-0.08249101430495977,-0.25360836684719035,22,22,,
node,,,Ocho,,526.4978632435274,0.013466779526683442,0.07302373956964797,77,77,,
node,,,Ohm,,169.7056274847714,0.45020157922604903,0.5743703898517436,8,8,,
node,,,Ohmasa,,526.4978632435274,0.01601225206164557,0.0653207382364511,77,77,,
node,,,Oimo,,344.6737587922817,-0.17590480714029175,-0.2235476580550526,33,34,,
node,,,Oinkchuck,,281.4249455894058,-0.06647508192419266,-0.23774315789735764,22,22,,
node,,,Okame,,146.96938456699067,-0.3159642764097204,-0.11820798476176177,6,9,,
node,,,Olav,,224.49944320643647,-0.19716312355069715,-0.3019003945986373,14,14,,
node,,,Oliva,,491.12116631234704,-0.13031644414710644,0.10018884597188242,67,67,,
node,,,Olombus,,397.994974842648,0.01399707961353966,0.004445424878504896,44,45,,
node,,,Onigumo,,584.8076606885378,0.04548830728894107,-0.10230873657766383,95,95,,
node,,,Onimaru,,379.47331922020555,-0.004988221185071225,0.16332016990170856,40,40,,
node,,,Ossamond,,261.5339366124404,-0.2773456584659706,0.13839851167347653,19,19,,
node,,,Otaka,,60.0,-0.08392269819357646,0.04609836889603061,1,1,,
node,,,Otohime,,207.84609690826525,0.07970325929572615,-0.40582589614968423,12,14,,
node,,,Ottoland,,198.997487421324,0.2959294186720247,0.08425522819796269,11,11,,
node,,,Pacifista,,584.8076606885378,0.011901110033563377,-0.10439870326517708,95,95,,
node,,,Packy,,60.0,0.26482510884981814,-0.9601168057362789,1,1,,
node,,,Page One,,596.992462263972,0.09965346071144926,0.11913634227010438,99,100,,
node,,,Palms,,491.12116631234704,-0.12536194639229073,0.08092493638362012,67,67,,
node,,,Panda Woman,,120.0,0.4409630536163125,0.876761178506481,4,4,,
node,,,Pansy,,189.73665961010278,0.3560503364507418,-0.34351692692285696,10,10,,
node,,,Papas,,274.9545416973504,0.14487173426726238,0.20067100216538925,21,21,,
node,,,Pappagu,,103.92304845413263,0.4719769776026752,0.01523189299954335,3,3,,
node,,,Patty,,120.0,0.06575725909641257,0.016011155056878116,4,4,,
node,,,Paulie,,198.997487421324,0.4012231333927311,0.149167420437044,11,11,,
node,,,Pavlik,,491.12116631234704,-0.1284780693777113,0.07399124232636949,67,67,,
node,,,Peachbeard,,240.0,-0.10131566472947168,-0.15862390042496127,16,16,,
node,,,Pearl,,134.1640786499874,-0.9559848373695891,0.17753807305407765,5,5,,
node,,,Pedro,,540.0,0.025123730728842948,0.0432323699648729,81,99,,
node,,,Peekatha Krotch,,180.0,0.2722950671749582,-0.3588189817938327,9,9,,
node,,,Peepley Lulu,,198.997487421324,0.41084626741301256,0.13538281678453226,11,11,,
node,,,Peetamu,,334.0658617698013,-0.14513771951642027,0.1665691532759959,31,31,,
node,,,Pekoms,,584.8076606885378,0.10325481498909603,-0.22045844217793933,95,95,,
node,,,Pell,,158.74507866387543,-0.2677898800356066,-0.14342156947220908,7,7,,
node,,,Pellini,,411.33927602406266,0.00021036394270421518,0.022940291867181023,47,72,,
node,,,Penguin,,526.4978632435274,0.011520007515667069,0.07745060667485733,77,85,,
node,,,Peppoko,,120.0,0.1634494379442227,-0.04255658833216742,4,4,,
node,,,Perona,,281.4249455894058,-0.058888281279740086,-0.25252548951416487,22,22,,
node,,,Pert,,120.0,0.7554565419832093,0.6504025472565498,4,4,,
node,,,Pica,,274.9545416973504,-0.090633082703966,-0.054373673795298394,21,21,,
node,,,Pickles,,240.0,-0.19556928946238364,0.15988330231943373,16,18,,
node,,,Pieman,,103.92304845413263,-0.13252294632694991,0.2352529093574115,3,3,,
node,,,Pike,,584.8076606885378,0.024801343771693695,-0.09909797767602717,95,102,,
node,,,Pincers,,120.0,0.5911911254881003,0.727723468676773,4,4,,
node,,,Piper,,146.96938456699067,-0.053339695203875756,0.08501447048504313,6,6,,
node,,,Pisaro,,254.5584412271571,0.09989158303923135,-0.13017145946247446,18,23,,
node,,,Poker,,596.992462263972,0.1101648952106753,0.09669176934819795,99,102,,
node,,,Pomp,,274.9545416973504,0.1375053850559685,0.20943316645032303,21,21,,
node,,,Pomsky,,584.8076606885378,0.02695712929782186,-0.1189519302273156,95,95,,
node,,,Poppoko,,120.0,0.14853327298622174,-0.0968393742281183,4,4,,
node,,,Poppy,,189.73665961010278,0.33776851795253837,-0.3365106539182218,10,10,,
node,,,Porche,,240.0,-0.18551476561994787,0.1830784534406805,16,16,,
node,,,Porchemy,,60.0,0.0822432436897381,-1.0,1,1,,
node,,,Portgas D. Ace,,676.1656601750786,-0.1455893401611218,0.02602115744482543,127,134,,
node,,,Portgaz D. Rouge,,207.84609690826525,-0.1317355268415658,-0.04286854019326398,12,12,,
node,,,Potato,,120.0,0.7358985087566223,0.669358181948163,4,4,,
node,,,Pound,,549.9090833947008,0.12270729081318112,-0.27484275391609575,84,84,,
node,,,Prince Grus,,584.8076606885378,0.02686106406947584,-0.08884497078447824,95,102,,
node,,,Prometheus,,617.7378084592201,0.0736664795095913,-0.21189908185303238,106,110,,
node,,,Purinpurin,,584.8076606885378,0.0025811136642113356,-0.10640437279397874,95,95,,
node,,,Pururu,,240.0,-0.1621323840750955,0.42143463131643955,16,16,,
node,,,Qing Jiao,,402.49223594996215,-0.0010627890480651696,0.0255318175483944,45,51,,
node,,,Queen,,614.8170459575758,0.11447112850187376,0.08583745088321837,105,105,,
node,,,Quincy,,274.9545416973504,0.1401144230450528,0.21369609193927894,21,21,,
node,,,Rabbit-Man,,596.992462263972,0.12021363470169587,0.1321858755194373,99,99,,
node,,,Rabiyan,,581.7215828899596,0.1163266830266867,-0.24303367735213008,94,95,,
node,,,Ragnir,,84.8528137423857,-0.28516684515998336,-0.6487407089655057,2,2,,
node,,,Raijin,,626.4183905346331,0.10652889991185972,0.14871519718054232,109,129,,
node,,,Raizo,,562.8498911788116,-0.007387632548007268,0.09693610618900635,88,118,,
node,,,Raki,,254.5584412271571,-0.39269134905844066,0.8405661512421225,18,18,,
node,,,Rakuyo,,491.12116631234704,-0.15173213384521547,0.07737995661364133,67,67,,
node,,,Ramba,,491.12116631234704,-0.12233861581435235,0.08201941885442923,67,67,,
node,,,Ramen,,120.0,0.033538908481325125,0.12283023682085137,4,4,,
node,,,Rampo,,411.33927602406266,0.006289638428366985,0.01644860378811622,47,72,,
node,,,Ran,,232.379000772445,0.3267640492926085,-0.2529726938536742,15,15,,
node,,,Randolph,,578.6190456595773,0.10634139472502115,-0.23277250106589545,93,93,,
node,,,Ratel,,584.8076606885378,0.009488309631236728,-0.09750543815870001,95,95,,
node,,,Rebecca,,189.73665961010278,0.18306168327515843,-0.30948022390535584,10,10,,
node,,,Reck,,274.9545416973504,0.16747085797762515,0.19170984536996769,21,21,,
node,,,Recycollie,,103.92304845413263,0.016215583667477933,0.3403992818708054,3,3,,
node,,,Red King,,584.8076606885378,0.010873355673497528,-0.11657832865881672,95,95,,
node,,,Redwolf,,596.992462263972,0.11642578615301209,0.12033715539038328,99,99,,
node,,,Reforte,,491.12116631234704,-0.12237670819018913,0.07555002314207296,67,67,,
node,,,Ribbitini,,240.0,-0.12150816230985399,0.41801394432445976,16,16,,
node,,,Richy,,224.49944320643647,-0.09759674773467394,-0.04065956097281235,14,29,,
node,,,Rika,,584.8076606885378,0.016486354055408565,-0.08117927173992123,95,101,,
node,,,Riku Doldo III,,120.0,0.2718040934808636,-0.25569889826180126,4,4,,
node,,,Rindo,,232.379000772445,0.3034361113366168,-0.2661807602163197,15,15,,
node,,,Ripley,,224.49944320643647,-0.22110729626553116,-0.28667559495101275,14,14,,
node,,,Ripper,,584.8076606885378,0.026288474122654067,-0.11160268155774948,95,101,,
node,,,Risky Brothers,,293.93876913398134,-0.03566311579017585,-0.2701758917620172,24,26,,
node,,,Rivers,,169.7056274847714,-0.420386431521362,-0.06711135989091642,8,8,,
node,,,Rob Lucci,,311.7691453623979,0.3512783761249115,0.15507394022314933,27,39,,
node,,,Robson,,120.0,0.41958714610393305,-0.05310580862996448,4,8,,
node,,,Rocks D. Xebec,,334.0658617698013,-0.024201590127903645,-0.0937120485925688,31,32,,
node,,,Rockstar,,240.0,-0.1435879078754517,0.4209610161256703,16,16,,
node,,,Roddy,,533.2916650389353,0.004166352523594817,0.09600024160510057,79,97,,
node,,,Rodo,,432.6661530556787,-0.030634669650908625,0.013584207887717912,52,60,,
node,,,Rokkaku,,584.8076606885378,0.004562675666523919,-0.09322478825610082,95,101,,
node,,,Rokki,,596.992462263972,0.12261019467390748,0.110051438796084,99,108,,
node,,,Ronja,,224.49944320643647,-0.22788477489415349,-0.28193093740843844,14,14,,
node,,,Roronoa Zoro,,662.7216610312357,0.010178673905454022,0.06701055623829863,122,140,,
node,,,Roshu,,180.0,-0.29158236981483465,0.06638295330632142,9,9,,
node,,,Ross,,169.7056274847714,-0.3976113760206028,-0.07023075011764789,8,8,,
node,,,Roswald,,305.9411708155671,-0.13583520801881732,-0.17412931046689709,26,28,,
node,,,Rush,,491.12116631234704,-0.12703862812803296,0.07639258745611674,67,67,,
node,,,Rydin,,169.7056274847714,-0.3161723375957955,-0.32046249331762244,8,8,,
node,,,Ryuboshi,,134.1640786499874,0.14014540989490396,-0.5518611702326292,5,5,,
node,,,Ryuma,,281.4249455894058,-0.06348933294369807,-0.2542704058723443,22,22,,
node,,,S-Bear,,120.0,-0.12062746507733052,-0.36972477528098957,4,7,,
node,,,S-Hawk,,120.0,-0.13275020517568736,-0.3695037308382027,4,7,,
node,,,S-Shark,,120.0,-0.12014713971523773,-0.35629469596625085,4,7,,
node,,,S-Snake,,120.0,-0.12366322483526987,-0.37747310733305106,4,7,,
node,,,Saber,,261.5339366124404,-0.26705884409534986,0.12994655837830263,19,19,,
node,,,Sabo,,317.49015732775086,-0.22778485239436003,-0.09159198608868882,28,28,,
node,,,Sadie,,334.0658617698013,-0.10035397143711408,-0.0646598374880143,31,31,,
node,,,Sai,,402.49223594996215,0.015454135565885948,0.01833642928892757,45,51,,
node,,,Saint Charlos,,305.9411708155671,-0.11726737224119917,-0.17526298186478156,26,28,,
node,,,Saint Donquixote Shivercalero,,305.9411708155671,-0.11448446462337085,-0.19610232282112935,26,27,,
node,,,Saint Figarland Garling,,216.33307652783935,-0.20829082989305162,0.20675038364918746,13,26,,
node,,,Saint Figarland Shamrock,,216.33307652783935,-0.2075613366234575,0.19024159694684017,13,21,,
node,,,Saint Jalmac,,305.9411708155671,-0.14297797367398163,-0.1634426071118621,26,26,,
node,,,Saint Manmayer Gunko,,216.33307652783935,-0.19859158261663773,0.2000332684159281,13,19,,
node,,,Saint Pluming,,305.9411708155671,-0.1250085463659973,-0.1751051094558756,26,26,,
node,,,Saint Rimoshifu Killingham,,216.33307652783935,-0.21229681435445275,0.20703973862970476,13,19,,
node,,,Saint Rosward Shalria,,305.9411708155671,-0.134522875755448,-0.18027265555485628,26,28,,
node,,,Saint Satchels Maffey,,216.33307652783935,-0.2221133280357371,0.20190312156268425,13,19,,
node,,,Saint Shepherd Sommers,,216.33307652783935,-0.19891135626278056,0.21299192833316002,13,20,,
node,,,Saitank,,600.0,0.11712391756550539,0.11244600670009126,100,109,,
node,,,Sakazuki,,584.8076606885378,0.030009813410461522,-0.0984687818223409,95,95,,
node,,,Saldeath,,334.0658617698013,-0.10788178486078258,-0.08786664267158123,31,31,,
node,,,Sally Isntoinette,,120.0,-0.45999226035863977,-0.07297700569251156,4,4,,
node,,,Salome,,232.379000772445,0.31480282880275506,-0.2594434903689302,15,15,,
node,,,Saltgrill,,180.0,0.12066545196944065,-0.09755708796778481,9,9,,
node,,,Sam,,120.0,0.393862856685411,0.9061124516634148,4,4,,
node,,,Sambel,,334.0658617698013,-0.15955705845973958,0.21076730529921472,31,31,,
node,,,San Juan Wolf,,393.44631145812,-0.08982744856960893,-0.09311967448504159,43,47,,
node,,,Sandayu,,84.8528137423857,-0.206572553449645,0.34738813534992,2,2,,
node,,,Sanji,,673.4983296193095,-0.0023712636633292854,0.0691489899721578,126,151,,
node,,,Sarahebi,,596.992462263972,0.09149332104013559,0.12493304179478329,99,99,,
node,,,Sarai,,60.0,-0.375780441855659,0.17448741863078926,1,1,,
node,,,Sarquiss,,169.7056274847714,-0.4097620393852029,-0.06151490848092516,8,8,,
node,,,Sarutobi,,596.992462263972,0.11888008440462264,0.12443721992201674,99,109,,
node,,,Sasaki,,596.992462263972,0.13515175404556778,0.12638872574284926,99,100,,
node,,,Satori,,169.7056274847714,0.4234431090335202,0.5830458039535791,8,8,,
node,,,Sauce,,247.38633753705963,-0.7428642897072967,-0.6762982975778762,17,17,,
node,,,Scales,,134.1640786499874,0.9594055798017959,0.273670304611591,5,5,,
node,,,Scarlet,,120.0,0.27088020022059833,-0.2598808213182966,4,4,,
node,,,Schollzo,,198.997487421324,0.2893551228327567,0.07294099762193128,11,11,,
node,,,Scimitarta,,84.8528137423857,-0.5425962456495464,0.842110925910099,2,2,,
node,,,Scopper Gaban,,334.0658617698013,-0.14352614396752397,0.20376620888136113,31,31,,
node,,,Scorpion-Lady,,600.0,0.12085439945412699,0.12003450953490634,100,109,,
node,,,Scotch,,596.992462263972,0.12306171667687346,0.13394370043331708,99,99,,
node,,,Scratchmen Apoo,,596.992462263972,0.12431746463412433,0.1269939479830167,99,99,,
node,,,Sea Boar,,60.0,0.6149583106712164,-0.8058003443245051,1,1,,
node,,,Seagull Ganz Nozudon,,334.0658617698013,-0.11033282920984361,0.1898299309270338,31,31,,
node,,,Seira,,146.96938456699067,0.8129172402142105,0.030977248686545365,6,6,,
node,,,Seki,,247.38633753705963,-0.7452533863112493,-0.6670657420725828,17,17,,
node,,,Sengoku,,584.8076606885378,0.013061083627945025,-0.111771188902584,95,95,,
node,,,Sentomaru,,584.8076606885378,0.006782739775802119,-0.11146513557228237,95,95,,
node,,,Seto,,254.5584412271571,-0.3681632921484067,0.820858923022835,18,18,,
node,,,Señor Pink,,274.9545416973504,-0.11084044165985887,-0.06463317156234695,21,21,,
node,,,Shachi,,526.4978632435274,0.019558600509766277,0.07086878947620241,77,85,,
node,,,Shakuyaku,,287.74989139876317,0.2909231903796471,-0.3040822224959216,23,25,,
node,,,Sham,,120.0,-0.23437427649427336,0.008339789399219932,4,4,,
node,,,Shandia Chief,,254.5584412271571,-0.36508902157015166,0.8399201903582276,18,18,,
node,,,Shanks,,483.73546489791295,-0.12866234998593787,0.22409042887478606,65,74,,
node,,,Sharingle,,584.8076606885378,0.01748723557049694,-0.10578609880872249,95,95,,
node,,,Sharley,,146.96938456699067,0.8029078757685502,0.03936923283004831,6,6,,
node,,,Sheepshead,,596.992462263972,0.1297786570124171,0.11953370414467475,99,99,,
node,,,Shiki,,424.26406871192853,-0.033545530490165655,-0.11396023287324494,50,50,,
node,,,Shimotsuki Koshiro,,158.74507866387543,0.07097305946102647,0.2704614110228776,7,7,,
node,,,Shimotsuki Kozaburo,,158.74507866387543,0.055567962941027595,0.2730901393719392,7,7,,
node,,,Shimotsuki Kuina,,158.74507866387543,0.0692355191967215,0.28529806719949574,7,7,,
node,,,Shimotsuki Ryuma,,189.73665961010278,0.05141082260560778,0.2549237677407688,10,10,,
node,,,Shine,,584.8076606885378,0.0014454235364735842,-0.09812834757780672,95,95,,
node,,,Shinobu,,562.8498911788116,0.007019062238799837,0.10164366535304707,88,110,,
node,,,Shinosuke,,344.6737587922817,-0.026796511293896454,0.1302449219079216,33,33,,
node,,,Shion,,189.73665961010278,0.353924554013139,-0.33598566386504775,10,10,,
node,,,Shirahoshi,,207.84609690826525,0.07025583799022003,-0.4020817900777245,12,14,,
node,,,Shiryu,,393.44631145812,-0.09499764240709067,-0.11071640592103725,43,47,,
node,,,Shishilian,,533.2916650389353,0.0029255177941064775,0.08572551381357922,79,99,,
node,,,Shojoe,,84.8528137423857,0.7084046977506249,0.2173844700304058,2,2,,
node,,,Shu,,584.8076606885378,0.033083587941215215,-0.09564473435906803,95,95,,
node,,,Shura,,169.7056274847714,0.4339063629027606,0.5863935288923916,8,8,,
node,,,Sicily,,584.8076606885378,0.043762273641233654,-0.10120319080914385,95,95,,
node,,,Silvers Rayleigh,,334.0658617698013,-0.1594233055651181,0.19349879192650382,31,31,,
node,,,Skaldi,,224.49944320643647,-0.21238754368783155,-0.279800318229164,14,14,,
node,,,Skull,,543.3231082882451,-0.17258457341879974,0.10277668028538126,82,86,,
node,,,Smiley,,189.73665961010278,-0.2866766974281516,0.20255287639769667,10,10,,
node,,,Smoker,,593.9696961966999,0.033779650759836584,-0.11301968937757365,98,106,,
node,,,Smoothy,,189.73665961010278,-0.27402950959641065,0.20974770998579909,10,16,,
node,,,Snakeman,,596.992462263972,0.13042784770734586,0.1334421224448258,99,99,,
node,,,Snott Mee,,120.0,-0.21419915367749776,-0.007442679684173176,4,4,,
node,,,Sodomu,,198.997487421324,0.2914465659653269,0.08901265856607954,11,11,,
node,,,Sola,,146.96938456699067,0.7991337170854195,0.03655800166310618,6,6,,
node,,,Solitaire,,596.992462263972,0.1342087056765887,0.13399398017505268,99,99,,
node,,,Sonie,,240.0,-0.19416979374955246,0.1746489751704454,16,16,,
node,,,Spacey,,120.0,0.3227793027665713,0.2513767826198843,4,4,,
node,,,Spandam,,261.5339366124404,0.33813718845314344,0.18224420932676827,19,28,,
node,,,Spandine,,224.49944320643647,0.35539483686123613,0.1991405153137315,14,14,,
node,,,Spartan,,180.0,0.24916191415174715,-0.3662410948108635,9,9,,
node,,,Speed,,777.6888838089433,0.06542331459022899,0.10044903538776893,168,186,,
node,,,Speed Jil,,491.12116631234704,-0.14246996811403292,0.09452556609841746,67,67,,
node,,,Spencer,,334.0658617698013,-0.14609941248497912,0.19375329763810212,31,31,,
node,,,Sphinx,,428.485705712571,-0.11447248006324617,-0.12613699074208073,51,57,,
node,,,Spoil,,84.8528137423857,0.02575593885563473,-0.42546135940031693,2,2,,
node,,,Spots,,134.1640786499874,0.9587346275939254,0.2603765189269377,5,5,,
node,,,Squard,,491.12116631234704,-0.12654791087133624,0.10887391511733337,67,67,,
node,,,St. Ethanbaron V. Nusjuro,,198.997487421324,-0.22835468023660635,0.2624727096071429,11,16,,
node,,,St. Imu,,305.9411708155671,-0.1228271805500127,-0.1821804947759209,26,26,,
node,,,St. Jaygarcia Saturn,,198.997487421324,-0.23835558650240113,0.27295901584281973,11,16,,
node,,,St. Marcus Mars,,198.997487421324,-0.2426799172607784,0.269765665028066,11,16,,
node,,,St. Shepherd Ju Peter,,198.997487421324,-0.2293144358608054,0.2737456310802043,11,17,,
node,,,St. Topman Warcury,,198.997487421324,-0.22175430478660307,0.274454325127051,11,16,,
node,,,Stainless,,584.8076606885378,0.0230305441806158,-0.09047100873459318,95,95,,
node,,,Stalker,,584.8076606885378,0.03368483039026959,-0.0914866525289124,95,97,,
node,,,Stansen,,432.6661530556787,-0.04022712095842741,0.0336562557289933,52,60,,
node,,,Staybe,,84.8528137423857,0.5757563495546364,-0.021108557616608056,2,2,,
node,,,Stealth Black,,134.1640786499874,-0.0152915925621304,0.29681909751617225,5,5,,
node,,,Stephen,,491.12116631234704,-0.13545278066242605,0.08909302737061486,67,67,,
node,,,Strawberry,,584.8076606885378,0.04321898178248106,-0.09115666437453214,95,95,,
node,,,Stray Fox,,198.997487421324,-0.053092867888034585,0.32494436815217,11,11,,
node,,,Streusen,,617.7378084592201,0.06903265730637793,-0.21441155902409853,106,110,,
node,,,Stroganoff,,247.38633753705963,-0.7108841025523148,-0.6512694359342183,17,17,,
node,,,Stronger,,240.0,-0.08840977687180922,-0.15085745332003986,16,16,,
node,,,Stussy,,334.0658617698013,0.18524464711711325,0.10731359071147484,31,32,,
node,,,Sugar,,274.9545416973504,-0.0873370462211237,-0.06433615622639181,21,21,,
node,,,Suke,,103.92304845413263,0.24010764141614913,0.25357350731795014,3,3,,
node,,,Suleiman,,436.80659335683106,0.047022448288752426,0.01267597420383927,53,55,,
node,,,Surume,,198.997487421324,-0.1516829184540375,-0.6010240854422111,11,11,,
node,,,Sweetpea,,232.379000772445,0.32321623451245496,-0.2648020750029764,15,15,,
node,,,T-Bone,,584.8076606885378,0.007707824743369662,-0.09415179522901274,95,95,,
node,,,Tabuhachiro,,562.8498911788116,0.006228835003832384,0.10710324077336855,88,110,,
node,,,Takao,,84.8528137423857,-0.2117240729478446,0.3230328986254533,2,2,,
node,,,Take,,180.0,0.09004329258685591,-0.0950577743040033,9,9,,
node,,,Tamago,,578.6190456595773,0.0817802142714701,-0.22588968546174368,93,93,,
node,,,Tamagon,,268.3281572999748,0.3250069203102767,0.11661896122205796,20,22,,
node,,,Tamanegi,,103.92304845413263,-0.09853916635536404,0.24974650423139702,3,3,,
node,,,Tamikebao,,268.3281572999748,0.09986373638420126,0.192734650082472,20,20,,
node,,,Tank Lepant,,120.0,0.24705286775573146,-0.2394990198569337,4,4,,
node,,,Tansui,,224.49944320643647,0.10280821048759468,-0.1537666458987817,14,16,,
node,,,Tararan,,281.4249455894058,-0.06740451718270497,-0.2560783412374514,22,22,,
node,,,Taro,,334.0658617698013,-0.15001849422643812,0.18882162219003215,31,31,,
node,,,Tashigi,,593.9696961966999,0.027696152689180763,-0.10042969096069444,98,106,,
node,,,Tate,,491.12116631234704,-0.14053409363306127,0.08143999103797687,67,67,,
node,,,Tea IV,,247.38633753705963,-0.7386364080557266,-0.6475633573290931,17,17,,
node,,,Tenjo-Sagari,,596.992462263972,0.12766438404343206,0.1278264792944608,99,99,,
node,,,Tensei,,584.8076606885378,0.00876520046489382,-0.08929357769012462,95,95,,
node,,,Terracotta,,60.0,-0.4486613082234593,-0.10539421989408217,1,1,,
node,,,Terry Gilteo,,261.5339366124404,-0.12421594927739726,-0.12692093249821917,19,19,,
node,,,Thatch,,491.12116631234704,-0.1312773611501977,0.09739870720800164,67,67,,
node,,,Thormann,,169.7056274847714,-0.3222226923115695,-0.3205662376389191,8,8,,
node,,,Tilestone,,198.997487421324,0.40277990376516143,0.15738878793217434,11,11,,
node,,,Tokikake,,584.8076606885378,0.031075807606753714,-0.10374506176317803,95,95,,
node,,,Toko,,180.0,-0.015186708557479963,0.28732419121712294,9,9,,
node,,,Tom,,120.0,0.32002055628378506,0.02119505200017633,4,4,,
node,,,Tomato Gang,,120.0,0.40556315411176497,0.8886063879936238,4,4,,
node,,,Tony Tony Chopper,,684.1052550594827,-0.03772907143975584,0.07196700959737011,130,149,,
node,,,Topknot,,134.1640786499874,0.9313408528071041,0.27716901638658,5,5,,
node,,,Tori,,240.0,-0.08907536897706161,-0.16089244814193918,16,16,,
node,,,Tosa,,584.8076606885378,0.006079106888091706,-0.07798789789343351,95,95,,
node,,,Totts,,120.0,0.7271217033264997,0.6696039940804315,4,4,,
node,,,Trafalgar D. Water Law,,648.9992295835182,-0.02490031546261277,0.022117697310917558,117,129,,
node,,,Trebol,,274.9545416973504,-0.10462523059035995,-0.06194975349700986,21,21,,
node,,,Tristan,,533.2916650389353,0.0030076650802134336,0.08073845521026733,79,93,,
node,,,Tritobu,,247.38633753705963,-0.736263661592569,-0.6847122890927222,17,17,,
node,,,Tritoma,,232.379000772445,0.3208403883027215,-0.24852251483081614,15,15,,
node,,,Tsumonsieur Kamaya,,224.49944320643647,0.35117473142880773,0.20916453730588186,14,14,,
node,,,Tsunagoro,,526.4978632435274,0.02646496298304201,0.08897865439839184,77,77,,
node,,,Tsuru,,584.8076606885378,0.002234831764932194,-0.1026301805244726,95,95,,
node,,,Turk,,198.997487421324,-0.03885667757990312,0.3347794574488514,11,11,,
node,,,Tusk,,281.4249455894058,-0.23537669616593598,-0.3013773784682122,22,22,,
node,,,UK,,274.9545416973504,0.1582488953923398,0.19411274091204456,21,21,,
node,,,Ukkari Tsurube,,268.3281572999748,0.0632600251162646,0.18197369265820604,20,20,,
node,,,Ukon,,562.8498911788116,0.005893063641283187,0.09551474350986228,88,110,,
node,,,Ulti,,596.992462263972,0.13688202700442237,0.11084956720977027,99,100,,
node,,,Umit,,180.0,0.19400905438642033,-0.017000179037700323,9,9,,
node,,,Uni,,526.4978632435274,0.01689752928718874,0.09216249271879527,77,85,,
node,,,Unigaro,,281.4249455894058,-0.06952442102933473,-0.2537147875126478,22,22,,
node,,,Urban,,584.8076606885378,0.01618356280837739,-0.11677543572814326,95,95,,
node,,,Ushiano,,261.5339366124404,-0.14487351434897136,-0.1306077095237836,19,19,,
node,,,Usopp,,651.7668294720129,-0.01157371312832231,0.05819366313647177,118,136,,
node,,,Usunoro,,596.992462263972,0.11855964525142547,0.09609550404296974,99,99,,
node,,,Uta,,240.0,-0.13912063205560588,0.41251012265334225,16,16,,
node,,,Uwattsura,,596.992462263972,0.13388345060382353,0.1086659707240215,99,99,,
node,,,Uzuki Namida,,60.0,0.16357535456807537,0.980574073710513,1,1,,
node,,,Uzuki Tempura,,60.0,0.15483553874405126,0.9840029134274023,1,1,,
node,,,Van Auger,,240.0,-0.08312932283984611,-0.1508964240053633,16,16,,
node,,,Vander Decken IX,,216.33307652783935,-0.11212976339252853,-0.5298251220699521,13,14,,
node,,,Vasco Shot,,393.44631145812,-0.08917567334790463,-0.0879431775901353,43,47,,
node,,,Vergo,,640.6246951218786,-0.0123852383756411,-0.06713854742614127,114,123,,
node,,,Victoria Cindry,,281.4249455894058,-0.07533085852789138,-0.24292129104377008,22,22,,
node,,,Vinsmoke Ichiji,,180.0,0.011096973694117893,0.20645869145165113,9,19,,
node,,,Vinsmoke Judge,,232.379000772445,0.03549922248444393,0.13031405243602665,15,26,,
node,,,Vinsmoke Niji,,180.0,-0.002960898267737598,0.21463305514576556,9,19,,
node,,,Vinsmoke Reiju,,180.0,0.00019018216779755656,0.22311735450294642,9,19,,
node,,,Vinsmoke Sora,,169.7056274847714,0.0013523429710698214,0.206739146916941,8,14,,
node,,,Vinsmoke Yonji,,180.0,0.009693899802618295,0.20168802215400652,9,19,,
node,,,Viola,,300.0,0.0003432863066667675,-0.13331970814123997,25,25,,
node,,,Vista,,491.12116631234704,-0.1320600881997804,0.11205070399319099,67,67,,
node,,,Vitan,,491.12116631234704,-0.13521579617918625,0.09237741854709997,67,67,,
node,,,Vito,,120.0,0.06885130209446358,-0.3337192486568496,4,4,,
node,,,Wadatsumi,,247.38633753705963,0.02813829829716503,-0.24479762404891764,17,17,,
node,,,Wallace,,261.5339366124404,-0.2784130464607733,0.1426178175973105,19,19,,
node,,,Wallem,,491.12116631234704,-0.127957849132509,0.07203153471509842,67,67,,
node,,,Wanda,,533.2916650389353,-0.0017119103348233605,0.08266014918292014,79,99,,
node,,,Wang Zhi,,247.38633753705963,0.02992179548738573,-0.16218025306329112,17,17,,
node,,,Wannabi Laikd,,120.0,0.879008308071868,-0.3763448473920683,4,4,,
node,,,Wannabi Luvd,,120.0,0.8705769135156706,-0.413529473837132,4,4,,
node,,,Wanyudo,,596.992462263972,0.132376041718309,0.11312293825385834,99,99,,
node,,,Wapol,,146.96938456699067,0.3279331961484155,-0.0031629002667062853,6,10,,
node,,,Warashi,,254.5584412271571,-0.3708385708086725,0.8531921841244081,18,18,,
node,,,Wheel,,247.38633753705963,-0.7352999791132667,-0.6755303895908867,17,17,,
node,,,Whitey Bay,,491.12116631234704,-0.14909296504176672,0.07088068621683098,67,67,,
node,,,Who's-Who,,637.808748764079,0.17584323176645802,0.1333724666072739,113,114,,
node,,,Wicca,,411.33927602406266,-0.018748302461956887,0.007991348814111034,47,61,,
node,,,Wire,,584.8076606885378,0.047927213272353233,0.12592822786229027,95,98,,
node,,,Wolf,,224.49944320643647,-0.20937224260159026,-0.29837029174643315,14,14,,
node,,,Woop Slap,,60.0,-0.9108757455632166,-0.38682968640114823,1,1,,
node,,,Wyper,,261.5339366124404,-0.3763402216572883,0.849925658350172,19,22,,
node,,,X. Barrels,,584.8076606885378,0.02604776807054278,-0.07988038495372278,95,96,,
node,,,X. Drake,,973.0364844136113,0.05251260281711004,0.021504674571342225,263,277,,
node,,,Yamakaji,,584.8076606885378,0.028451014668225263,-0.11358776910964417,95,95,,
node,,,Yamanba,,596.992462263972,0.13313781186175175,0.11876422002763667,99,99,,
node,,,Yamato,,777.6888838089433,0.06349235171967917,0.09775831189734711,168,176,,
node,,,Yamon,,334.0658617698013,-0.1366044118064401,0.20123031927074234,31,31,,
node,,,Yarisugi,,584.8076606885378,0.008914669363812267,-0.08338302984414524,95,102,,
node,,,Yasopp,,240.0,-0.16447948446816996,0.42838399605413424,16,16,,
node,,,Yatappe,,526.4978632435274,0.02205954910634402,0.07006269739572958,77,77,,
node,,,Yazaemon,,596.992462263972,0.10750529397275847,0.11501917028279111,99,109,,
node,,,Yeti Cool Brothers,,189.73665961010278,-0.27933353798880095,0.18944381447594916,10,10,,
node,,,Ylva,,224.49944320643647,-0.20065146238312787,-0.28044173577776027,14,14,,
node,,,Yokozuna,,120.0,0.31404561163161204,0.03220648470228474,4,4,,
node,,,Yomo,,533.2916650389353,0.0049530450327096446,0.09943120793226139,79,99,,
node,,,Yorki,,120.0,-0.10099228825720076,0.26595437874469335,4,4,,
node,,,Yosaku,,60.0,0.36743702261954886,-0.9277158344058134,1,1,,
node,,,Yotsubane,,254.5584412271571,-0.3633347510248545,0.8292552634233156,18,18,,
node,,,Yuey,,334.0658617698013,-0.12356228531046835,0.19460324141917157,31,31,,
node,,,Yurusumaji Mask,,120.0,0.40997444837913943,0.874772509902259,4,4,,
node,,,Yuwana Myclose,,84.8528137423857,0.06334942931600228,-0.27483338824725645,2,2,,
node,,,Yves,,274.9545416973504,-0.09959881394365601,-0.0511943197482521,21,21,,
node,,,Zala,,354.96478698597696,-0.22895021855974176,-0.05197037999232392,35,41,,
node,,,Zambai,,268.3281572999748,0.32007572639127907,0.11991046258841329,20,22,,
node,,,Zangirimaru,,526.4978632435274,0.03188722733172096,0.08551032316448597,77,77,,
node,,,Zanki,,596.992462263972,0.11972267733729619,0.10677608402917102,99,108,,
node,,,Zayde,,180.0,-0.28373012994008173,0.0708911509145393,9,9,,
node,,,Zeff,,120.0,-0.07483055383323163,0.04626347596204532,4,4,,
node,,,Zeo,,198.997487421324,-0.17116350654194282,-0.5931674735480731,11,11,,
node,,,Zepo,,84.8528137423857,0.18395567763441253,-0.07568204972659869,2,2,,
node,,,Zeus,,648.9992295835182,0.06282051356605482,-0.1716299426698795,117,122,,
node,,,Zodia,,491.12116631234704,-0.14946559335554238,0.0736937533506001,67,67,,
node,,,Zukka,,491.12116631234704,-0.12563982303175392,0.0857636959919325,67,67,,
