,name,recent_freq,total_appearances,activity_score
0,A.O.,0.0,7,0.002328159645232816
1,Abdullah,0.01,22,0.014317073170731706
2,Absalom,0.0,17,0.00565410199556541
3,Abscondo,0.0,0,0.0
4,Adelle,0.0,2,0.0006651884700665188
5,Aegir,0.03,3,0.021997782705099778
6,Ageha Woman,0.0,1,0.0003325942350332594
7,Aggie 68,0.0,0,0.0
8,Agilia,0.0,2,0.0006651884700665188
9,Agotogi,0.0,0,0.0
10,Agushily,0.0,1,0.0003325942350332594
11,Agyo,0.0,0,0.0
12,Ahiru,0.05,7,0.03732815964523281
13,Aisa,0.01,29,0.01664523281596452
14,Akudai Kanzaburo,0.0,1,0.0003325942350332594
15,Akumai,0.0,7,0.002328159645232816
16,Aladdin,0.0,13,0.004323725055432372
17,Albion,0.0,2,0.0006651884700665188
18,Alice,0.02,2,0.014665188470066518
19,Ally,0.0,11,0.0036585365853658534
20,Alpaca-Man,0.0,2,0.0006651884700665188
21,Alpha,0.02,2,0.014665188470066518
22,Alvida,0.02,13,0.01832372505543237
23,Amadob,0.0,3,0.0009977827050997783
24,Amazon,0.0,3,0.0009977827050997783
25,Anba,0.0,1,0.0003325942350332594
26,Andre,0.0,11,0.0036585365853658534
27,Ange,0.15,15,0.10998891352549889
28,Anjo,0.0,0,0.0
29,Ankoro,0.0,2,0.0006651884700665188
30,Antlerkov,0.0,0,0.0
31,Antonio,0.0,1,0.0003325942350332594
32,Aphelandra,0.0,9,0.0029933481152993346
33,Aramaki,0.01,6,0.008995565410199555
34,Aristocroc,0.0,3,0.0009977827050997783
35,Arlong,0.0,26,0.008647450110864744
36,Arthur,0.0,3,0.0009977827050997783
37,Aruyutayan V,0.0,1,0.0003325942350332594
38,Asashichi,0.0,1,0.0003325942350332594
39,Ashura Doji,0.0,45,0.014966740576496673
40,Asla,0.01,1,0.007332594235033259
41,Aswa,0.0,0,0.0
42,Atagoyama,0.0,1,0.0003325942350332594
43,Atmos,0.0,14,0.004656319290465632
44,Attach,0.01,3,0.007997782705099777
45,Avalo Pizarro,0.04,10,0.03132594235033259
46,BBBB,0.0,18,0.005986696230598669
47,Babanuki,0.0,14,0.004656319290465632
48,Babe,0.0,0,0.0
49,Baburu,0.0,0,0.0
50,Baby Five,0.0,39,0.012971175166297116
51,Bacchy,0.0,1,0.0003325942350332594
52,Baggaly,0.0,1,0.0003325942350332594
53,Bakula,0.0,3,0.0009977827050997783
54,Ban Dedessinée,0.0,2,0.0006651884700665188
55,Bancro,0.01,4,0.008330376940133038
56,Bankina,0.0,0,0.0
57,Banshee,0.0,0,0.0
58,Banzaburo,0.0,4,0.0013303769401330377
59,Bao Huang,0.0,9,0.0029933481152993346
60,Barbell,0.05,5,0.036662971175166294
61,Bariete,0.0,9,0.0029933481152993346
62,Barry,0.0,0,0.0
63,Bartholomew Kuma,0.27,63,0.20995343680709533
64,Bartolomeo,0.01,60,0.026955654101995564
65,Basil Hawkins,0.0,38,0.012638580931263858
66,Basilisk,0.0,2,0.0006651884700665188
67,Baskerville,0.0,0,0.0
68,Bastille,0.0,20,0.0066518847006651885
69,Batman,0.0,2,0.0006651884700665188
70,Baxcon,0.0,10,0.0033259423503325942
71,Bazeko,0.0,0,0.0
72,Beak Remark,0.0,1,0.0003325942350332594
73,Bean-Washing Hag,0.0,7,0.002328159645232816
74,Bee-Girl,0.0,3,0.0009977827050997783
75,Beer VI,0.0,5,0.0016629711751662971
76,Beetle-Man,0.0,1,0.0003325942350332594
77,Beeyo,0.0,16,0.005321507760532151
78,Bekori,0.02,2,0.014665188470066518
79,Belladonna,0.01,4,0.008330376940133038
80,Bellamy,0.0,35,0.01164079822616408
81,Belle-Mère,0.0,3,0.0009977827050997783
82,Bellett,0.0,1,0.0003325942350332594
83,Belo Betty,0.07,13,0.053323725055432376
84,Benn Beckman,0.02,12,0.01799113082039911
85,Bent,0.15,15,0.10998891352549889
86,Bentham,0.0,17,0.00565410199556541
87,Bepo,0.02,51,0.030962305986696227
88,Berry,0.0,0,0.0
89,Berry Good,0.0,2,0.0006651884700665188
90,Bian,0.01,21,0.013984478935698447
91,Biblo,0.04,4,0.029330376940133036
92,Big Bun,0.0,5,0.0016629711751662971
93,Bimine,0.0,0,0.0
94,Bingoh,0.0,2,0.0006651884700665188
95,Birdy,0.0,3,0.0009977827050997783
96,Bishamon,0.0,6,0.0019955654101995565
97,Bishonure-Onna,0.0,5,0.0016629711751662971
98,Bisley,0.0,4,0.0013303769401330377
99,Bizarre,0.0,4,0.0013303769401330377
100,Bjorn,0.14,14,0.10265631929046563
101,Black Maria,0.0,14,0.004656319290465632
102,Blackbeard,0.0,0,0.0
103,Blade,0.02,2,0.014665188470066518
104,Blakey,0.0,1,0.0003325942350332594
105,Blamenco,0.0,7,0.002328159645232816
106,Blenheim,0.0,13,0.004323725055432372
107,Blockhead,0.0,1,0.0003325942350332594
108,Blondie,0.0,5,0.0016629711751662971
109,Blue Gilly,0.0,20,0.0066518847006651885
110,Bluefan,0.0,4,0.0013303769401330377
111,Bluegrass,0.09,9,0.06599334811529933
112,Bluejam,0.0,4,0.0013303769401330377
113,Bluemarine,0.01,2,0.0076651884700665186
114,Blueno,0.01,33,0.01797560975609756
115,Boa Hancock,0.02,43,0.02830155210643015
116,Boa Marigold,0.01,15,0.011988913525498891
117,Boa Sandersonia,0.01,15,0.011988913525498891
118,Bobbin,0.0,8,0.0026607538802660754
119,Bobby Funk,0.0,7,0.002328159645232816
120,Bobomba,0.0,14,0.004656319290465632
121,Bogard,0.04,8,0.030660753880266074
122,Bomba,0.0,35,0.01164079822616408
123,Bongoh,0.0,2,0.0006651884700665188
124,Bonk Punch,0.01,6,0.008995565410199555
125,Boo,0.0,21,0.006984478935698447
126,Boodle,0.01,6,0.008995565410199555
127,Boogie,0.01,5,0.008662971175166297
128,Borsalino,0.19,27,0.14198004434589798
129,Boss,0.0,3,0.0009977827050997783
130,Bouche,0.0,2,0.0006651884700665188
131,Boxer,0.0,2,0.0006651884700665188
132,Braham,0.01,12,0.010991130820399111
133,Brannew,0.01,9,0.009993348115299333
134,Brew,0.0,2,0.0006651884700665188
135,Briscola,0.0,7,0.002328159645232816
136,Brocca,0.0,1,0.0003325942350332594
137,Brogy,0.39,52,0.29029490022172943
138,Brontosaurus,0.0,2,0.0006651884700665188
139,Brook,0.39,315,0.3777671840354767
140,Browndros BeardriguezChadros Higelyges,0.0,0,0.0
141,Bubblegum,0.01,5,0.008662971175166297
142,Buchi,0.0,6,0.0019955654101995565
143,Buckingham Stussy,0.1,11,0.07365853658536585
144,Buckox,0.01,2,0.0076651884700665186
145,Buffalo,0.0,16,0.005321507760532151
146,Buggy,0.04,66,0.04995121951219512
147,Building Snake,0.0,2,0.0006651884700665188
148,Bulldog,0.01,1,0.007332594235033259
149,Bunbuku,0.0,2,0.0006651884700665188
150,Bunch,0.0,4,0.0013303769401330377
151,Bungoh,0.0,2,0.0006651884700665188
152,Bunkov,0.02,9,0.016993348115299334
153,Bunny Joe,0.0,2,0.0006651884700665188
154,Burn ScarThe Man with the Burn Scar,0.0,0,0.0
155,Burr,0.0,2,0.0006651884700665188
156,Bushon,0.0,3,0.0009977827050997783
157,Busshiri,0.0,4,0.0013303769401330377
158,Byron,0.0,1,0.0003325942350332594
159,CB Gallant,0.02,5,0.015662971175166296
160,Cabaji,0.01,14,0.011656319290465633
161,Caesar Clown,0.02,60,0.03395565410199557
162,Caiman Lady,0.0,2,0.0006651884700665188
163,Calicoach,0.0,4,0.0013303769401330377
164,Camel,0.0,0,0.0
165,Camie,0.01,44,0.021634146341463413
166,Cancer,0.0,6,0.0019955654101995565
167,Candy,0.0,0,0.0
168,Cans,0.0,1,0.0003325942350332594
169,Capone Bege,0.0,40,0.013303769401330377
170,Capone Pez,0.0,13,0.004323725055432372
171,Capote,0.0,6,0.0019955654101995565
172,Carelesso,0.0,1,0.0003325942350332594
173,Caribou,0.04,27,0.036980044345898
174,Carmel,0.0,1,0.0003325942350332594
175,Carne,0.0,19,0.006319290465631929
176,Carrot,0.01,102,0.04092461197339246
177,Catacombo,0.0,3,0.0009977827050997783
178,Catarina Devon,0.04,11,0.031658536585365854
179,Caucasus-Man,0.0,4,0.0013303769401330377
180,Cavendish,0.0,45,0.014966740576496673
181,Cerberus,0.03,16,0.02632150776053215
182,Cezar,0.0,2,0.0006651884700665188
183,Chabo,0.01,5,0.008662971175166297
184,Chaka,0.01,25,0.015314855875831484
185,Chao,0.0,16,0.005321507760532151
186,Chap,0.0,2,0.0006651884700665188
187,Chappe,0.0,4,0.0013303769401330377
188,Charlotte Akimeg,0.0,0,0.0
189,Charlotte Allmeg,0.0,0,0.0
190,Charlotte Amande,0.0,12,0.003991130820399113
191,Charlotte Anana,0.0,1,0.0003325942350332594
192,Charlotte Angel,0.0,4,0.0013303769401330377
193,Charlotte Anglaise,0.0,2,0.0006651884700665188
194,Charlotte Basans,0.0,4,0.0013303769401330377
195,Charlotte Bassquarte,0.0,11,0.0036585365853658534
196,Charlotte Bavarois,0.0,7,0.002328159645232816
197,Charlotte Brownie,0.01,6,0.008995565410199555
198,Charlotte Broye,0.01,7,0.009328159645232816
199,Charlotte Brulee,0.0,37,0.012305986696230599
200,Charlotte Cabaletta,0.0,2,0.0006651884700665188
201,Charlotte Cadenza,0.0,2,0.0006651884700665188
202,Charlotte Chiboust,0.0,4,0.0013303769401330377
203,Charlotte Chiffon,0.0,25,0.008314855875831485
204,Charlotte Cinnamon,0.0,14,0.004656319290465632
205,Charlotte Citron,0.0,10,0.0033259423503325942
206,Charlotte Compo,0.0,6,0.0019955654101995565
207,Charlotte Compote,0.0,9,0.0029933481152993346
208,Charlotte Cornstarch,0.0,4,0.0013303769401330377
209,Charlotte Counter,0.0,3,0.0009977827050997783
210,Charlotte Cracker,0.0,7,0.002328159645232816
211,Charlotte Custard,0.0,4,0.0013303769401330377
212,Charlotte Dacquoise,0.0,7,0.002328159645232816
213,Charlotte Daifuku,0.01,25,0.015314855875831484
214,Charlotte De-Chat,0.0,1,0.0003325942350332594
215,Charlotte Dolce and Dragée,0.0,4,0.0013303769401330377
216,Charlotte Dosmarche,0.0,7,0.002328159645232816
217,Charlotte Effiler,0.0,7,0.002328159645232816
218,Charlotte Flampe,0.0,6,0.0019955654101995565
219,Charlotte Fuyumeg,0.0,0,0.0
220,Charlotte Gala,0.0,0,0.0
221,Charlotte Galette,0.0,18,0.005986696230598669
222,Charlotte Hachee,0.0,1,0.0003325942350332594
223,Charlotte Harumeg,0.0,0,0.0
224,Charlotte High-Fat,0.0,7,0.002328159645232816
225,Charlotte Joconde,0.0,2,0.0006651884700665188
226,Charlotte Joscarpone,0.0,4,0.0013303769401330377
227,Charlotte Kanten,0.0,5,0.0016629711751662971
228,Charlotte Katakuri,0.02,35,0.02564079822616408
229,Charlotte Laurin,0.0,8,0.0026607538802660754
230,Charlotte Linlin,0.14,119,0.13757871396895788
231,Charlotte Lola,0.0,0,0.0
232,Charlotte Maple,0.0,1,0.0003325942350332594
233,Charlotte Marble,0.0,2,0.0006651884700665188
234,Charlotte Marnier,0.0,5,0.0016629711751662971
235,Charlotte Mascarpone,0.0,4,0.0013303769401330377
236,Charlotte Mash,0.0,5,0.0016629711751662971
237,Charlotte Melise,0.0,1,0.0003325942350332594
238,Charlotte Mobile,0.01,15,0.011988913525498891
239,Charlotte Monder,0.0,3,0.0009977827050997783
240,Charlotte Montb,0.0,2,0.0006651884700665188
241,Charlotte Montd'OrCharlotte Mont-d'Or,0.01,36,0.018973392461197336
242,Charlotte Moscato,0.01,3,0.007997782705099777
243,Charlotte Mozart,0.0,3,0.0009977827050997783
244,Charlotte Myukuru,0.0,9,0.0029933481152993346
245,Charlotte Newshi,0.0,0,0.0
246,Charlotte Noisette,0.0,6,0.0019955654101995565
247,Charlotte Normande,0.0,1,0.0003325942350332594
248,Charlotte Nougat,0.0,5,0.0016629711751662971
249,Charlotte Nusstorte,0.0,7,0.002328159645232816
250,Charlotte Nutmeg,0.0,0,0.0
251,Charlotte Opera,0.0,11,0.0036585365853658534
252,Charlotte Oven,0.01,22,0.014317073170731706
253,Charlotte Panna,0.0,1,0.0003325942350332594
254,Charlotte Perospero,0.0,47,0.015631929046563194
255,Charlotte Poire,0.0,7,0.002328159645232816
256,Charlotte Praline,0.0,6,0.0019955654101995565
257,Charlotte Prim,0.0,3,0.0009977827050997783
258,Charlotte Pudding,0.02,37,0.026305986696230597
259,Charlotte Raisin,0.0,6,0.0019955654101995565
260,Charlotte Saintmarc,0.0,8,0.0026607538802660754
261,Charlotte Smoothie,0.01,30,0.016977827050997783
262,Charlotte Snack,0.0,3,0.0009977827050997783
263,Charlotte Tablet,0.0,13,0.004323725055432372
264,Charlotte Uiro,0.0,1,0.0003325942350332594
265,Charlotte Wafers,0.0,1,0.0003325942350332594
266,Charlotte Yuen,0.0,4,0.0013303769401330377
267,Charlotte Zuccotto,0.01,8,0.009660753880266075
268,Chess,0.0,10,0.0033259423503325942
269,Chesskipper,0.0,0,0.0
270,Chessmarimo,0.0,4,0.0013303769401330377
271,Chichilisia,0.01,1,0.007332594235033259
272,Chihaya,0.0,3,0.0009977827050997783
273,Chimney,0.0,44,0.014634146341463414
274,Chin,0.0,3,0.0009977827050997783
275,Chiya,0.0,1,0.0003325942350332594
276,Chochin-Man,0.0,1,0.0003325942350332594
277,Chocho,0.0,3,0.0009977827050997783
278,Choco-Police,0.0,4,0.0013303769401330377
279,Chocolat,0.0,0,0.0
280,Choi,0.0,3,0.0009977827050997783
281,Chokyumei-no Chosuke,0.0,2,0.0006651884700665188
282,Chome,0.0,9,0.0029933481152993346
283,Choo,0.0,18,0.005986696230598669
284,Chouchou,0.01,5,0.008662971175166297
285,Chuchun,0.0,12,0.003991130820399113
286,Chuji,0.0,4,0.0013303769401330377
287,Clapp,0.0,0,0.0
288,Clione,0.0,15,0.004988913525498891
289,Clou D. Clover,0.0,0,0.0
290,Coburn,0.0,4,0.0013303769401330377
291,Coby,0.08,31,0.06631042128603104
292,Cocoa,0.0,0,0.0
293,Collun,0.16,17,0.1176541019955654
294,Colscon,0.0,1,0.0003325942350332594
295,Columbus,0.0,0,0.0
296,Comane,0.0,2,0.0006651884700665188
297,Comille,0.01,4,0.008330376940133038
298,Compo,0.01,2,0.0076651884700665186
299,Concelot,0.01,15,0.011988913525498891
300,Conis,0.01,32,0.0176430155210643
301,Conney,0.03,3,0.021997782705099778
302,Corgy,0.0,8,0.0026607538802660754
303,Coribou,0.0,5,0.0016629711751662971
304,Cornelia,0.0,0,0.0
305,Cosette,0.0,1,0.0003325942350332594
306,Cosmo,0.0,0,0.0
307,Cosmos,0.01,6,0.008995565410199555
308,Cotton,0.0,22,0.007317073170731707
309,Couran,0.0,2,0.0006651884700665188
310,Crocodile,0.05,66,0.05695121951219512
311,Crocus,0.03,12,0.02499113082039911
312,Crone Oli,0.01,2,0.0076651884700665186
313,Cub,0.02,30,0.023977827050997783
314,Curiel,0.0,15,0.004988913525498891
315,Curly Dadan,0.01,10,0.010325942350332594
316,D.R.,0.0,0,0.0
317,Daedalus,0.0,0,0.0
318,Dagama,0.01,20,0.013651884700665189
319,Dago,0.0,16,0.005321507760532151
320,Daifugo,0.0,13,0.004323725055432372
321,Daigin,0.0,3,0.0009977827050997783
322,Daikoku,0.0,12,0.003991130820399113
323,Daikon,0.0,6,0.0019955654101995565
324,Daisy,0.0,9,0.0029933481152993346
325,Dalmatian,0.0,3,0.0009977827050997783
326,DaltonDolton,0.01,20,0.013651884700665189
327,Damask,0.0,4,0.0013303769401330377
328,Daruma,0.0,18,0.005986696230598669
329,Dashiteyaro,0.0,1,0.0003325942350332594
330,Davy D. Jones,0.0,0,0.0
331,Daz Bonez,0.0,13,0.004323725055432372
332,DeCalvan Brothers,0.0,4,0.0013303769401330377
333,Decuplets,0.0,2,0.0006651884700665188
334,Deigoro,0.0,1,0.0003325942350332594
335,Delacuaji,0.0,3,0.0009977827050997783
336,Dellinger,0.0,17,0.00565410199556541
337,Demaro Black,0.01,2,0.0076651884700665186
338,Demoni Aiyo,0.0,0,0.0
339,Den,0.0,6,0.0019955654101995565
340,Denjiro,0.0,39,0.012971175166297116
341,Devil Dias,0.0,1,0.0003325942350332594
342,Dez Tinny,0.01,2,0.0076651884700665186
343,Diamante,0.0,31,0.010310421286031043
344,Didit,0.0,1,0.0003325942350332594
345,Diesel,0.0,13,0.004323725055432372
346,Disc J,0.0,2,0.0006651884700665188
347,Disco,0.01,6,0.008995565410199555
348,Dive,0.01,3,0.007997782705099777
349,Django,0.02,24,0.021982261640798223
350,Dobby Ibadonbo,0.0,1,0.0003325942350332594
351,Doberman,0.06,20,0.048651884700665185
352,Dobon,0.0,1,0.0003325942350332594
353,Doc Q,0.01,18,0.012986696230598668
354,Dogura,0.01,7,0.009328159645232816
355,Dogya,0.0,0,0.0
356,Dolan,0.0,26,0.008647450110864744
357,Doll,0.12,14,0.08865631929046562
358,Doma,0.0,6,0.0019955654101995565
359,Domino,0.0,6,0.0019955654101995565
360,Domo-kun,0.0,1,0.0003325942350332594
361,Don Quixote Doflamingo,0.02,89,0.04360088691796009
362,Don Quixote Homing,0.0,0,0.0
363,Don Quixote Mjosgard,0.02,4,0.015330376940133037
364,Don Quixote Rocinante,0.0,6,0.0019955654101995565
365,Donannoyo,0.0,1,0.0003325942350332594
366,Donkino,0.06,8,0.04466075388026607
367,Donovan,0.0,1,0.0003325942350332594
368,Doringo,0.04,8,0.030660753880266074
369,Dorrow,0.0,0,0.0
370,Dorry,0.36,45,0.26696674057649666
371,Dosun,0.0,17,0.00565410199556541
372,Dotaku,0.0,2,0.0006651884700665188
373,Doubt Brothers,0.0,1,0.0003325942350332594
374,Dr. Fishbonen,0.01,1,0.007332594235033259
375,Dr. Hiriluk,0.0,3,0.0009977827050997783
376,Dr. Hou,0.0,1,0.0003325942350332594
377,Dr. Noshirtkutz Tofayme,0.0,0,0.0
378,Dr. Vegapunk,0.23,32,0.1716430155210643
379,Dracule Mihawk,0.04,32,0.0386430155210643
380,Dragon Number Thirteen,0.0,2,0.0006651884700665188
381,Dragon Number Twenty-One,0.0,6,0.0019955654101995565
382,Drophy,0.01,1,0.007332594235033259
383,Drug Peclo,0.0,6,0.0019955654101995565
384,Du Feld,0.0,7,0.002328159645232816
385,Ducky Bree,0.0,0,0.0
386,Duke Genghis Baan,0.0,1,0.0003325942350332594
387,Dumas Fayes,0.0,1,0.0003325942350332594
388,Dumas Regal IX,0.0,1,0.0003325942350332594
389,Duval,0.01,14,0.011656319290465633
390,Earth Boss,0.0,0,0.0
391,Eddy,0.0,8,0.0026607538802660754
392,Edward Newgate,0.16,44,0.12663414634146342
393,Edward Weevil,0.0,2,0.0006651884700665188
394,Eggplant Soldier,0.0,3,0.0009977827050997783
395,Ehgana,0.0,1,0.0003325942350332594
396,Eiyess Emmar,0.0,0,0.0
397,Elbow,0.0,0,0.0
398,Elio,0.04,5,0.029662971175166294
399,Elizabero II,0.01,30,0.016977827050997783
400,Elmy,0.0,4,0.0013303769401330377
401,Emet,0.05,5,0.036662971175166294
402,Emma,0.01,2,0.0076651884700665186
403,Emporio Ivankov,0.16,58,0.13129046563192903
404,Eneru,0.0,32,0.010643015521064302
405,Epoida,0.0,12,0.003991130820399113
406,Epony,0.0,0,0.0
407,Eric,0.02,10,0.017325942350332593
408,Eris,0.06,6,0.043995565410199555
409,Esta,0.0,1,0.0003325942350332594
410,Estrid,0.02,2,0.014665188470066518
411,Ettara Chaunkai,0.0,0,0.0
412,Eureka,0.0,0,0.0
413,Eustass Kid,0.01,74,0.0316119733924612
414,Eyri,0.0,0,0.0
415,Falafra,0.0,7,0.002328159645232816
416,Farul,0.0,10,0.0033259423503325942
417,Faust,0.0,5,0.0016629711751662971
418,Fen Bock,0.0,4,0.0013303769401330377
419,Finamore,0.0,0,0.0
420,Firstaid,0.0,1,0.0003325942350332594
421,Fisher Tiger,0.01,4,0.008330376940133038
422,Fiyonce,0.0,3,0.0009977827050997783
423,Flair,0.0,0,0.0
424,Flapper,0.0,32,0.010643015521064302
425,Footbianco,0.0,16,0.005321507760532151
426,Forest Boss,0.0,0,0.0
427,Fossa,0.0,20,0.0066518847006651885
428,Fourtricks,0.0,1,0.0003325942350332594
429,Foxy,0.01,15,0.011988913525498891
430,Francois,0.0,0,0.0
431,Franky,0.38,366,0.3877294900221729
432,Fuga,0.0,4,0.0013303769401330377
433,Fugar,0.01,1,0.007332594235033259
434,Fugetsu Kisaburo,0.0,0,0.0
435,Fugetsu Omusubi,0.0,0,0.0
436,Fujin,0.0,5,0.0016629711751662971
437,Fukaboshi,0.03,37,0.0333059866962306
438,Fukumi,0.0,0,0.0
439,Fukurokuju,0.0,25,0.008314855875831485
440,Fukurô,0.01,17,0.012654101995565409
441,Fullbody,0.01,12,0.010991130820399111
442,Funkfreed,0.0,10,0.0033259423503325942
443,Furika,0.0,0,0.0
444,Furrari,0.0,2,0.0006651884700665188
445,Fuza,0.0,8,0.0026607538802660754
446,Gabu,0.01,4,0.008330376940133038
447,Gaburu,0.0,0,0.0
448,Gack,0.01,1,0.007332594235033259
449,Gaimon,0.01,2,0.0076651884700665186
450,Gal,0.0,0,0.0
451,Galaxy,0.0,0,0.0
452,Galdino,0.0,20,0.0066518847006651885
453,Gambia,0.01,5,0.008662971175166297
454,Gambo,0.05,7,0.03732815964523281
455,Gancho,0.0,10,0.0033259423503325942
456,Ganfor (VIZ,0.0,32,0.010643015521064302
457,Gangaru,0.0,7,0.002328159645232816
458,Ganryu,0.04,14,0.03265631929046563
459,Ganzui,0.1,15,0.07498891352549888
460,Garudan,0.0,2,0.0006651884700665188
461,Gary,0.0,1,0.0003325942350332594
462,Gatherine,0.0,0,0.0
463,Gattenshochi-no Sukeo,0.0,1,0.0003325942350332594
464,Gazelle-Man,0.0,6,0.0019955654101995565
465,Gecko Moria,0.01,38,0.019638580931263857
466,Gedatsu,0.0,10,0.0033259423503325942
467,Gem,0.0,0,0.0
468,Genbou,0.01,12,0.010991130820399111
469,Genista,0.0,3,0.0009977827050997783
470,Genrin,0.0,3,0.0009977827050997783
471,Genzo,0.01,24,0.014982261640798225
472,George,0.0,4,0.0013303769401330377
473,George Mach,0.0,1,0.0003325942350332594
474,Gerd,0.21,22,0.1543170731707317
475,Giberson,0.0,6,0.0019955654101995565
476,Gig,0.01,7,0.009328159645232816
477,Gill Bastar,0.04,5,0.029662971175166294
478,Gimlet,0.0,0,0.0
479,Gin,0.01,18,0.012986696230598668
480,Gina,0.0,1,0.0003325942350332594
481,Ginko,0.0,3,0.0009977827050997783
482,Ginnosuke,0.0,4,0.0013303769401330377
483,Ginny,0.07,7,0.05132815964523282
484,Ginrummy,0.0,3,0.0009977827050997783
485,Giolla,0.0,14,0.004656319290465632
486,Gion,0.0,1,0.0003325942350332594
487,Giovanni,0.01,14,0.011656319290465633
488,Giro Chintaro,0.0,1,0.0003325942350332594
489,Gismonda,0.0,2,0.0006651884700665188
490,Gladius,0.0,23,0.007649667405764966
491,Gloriosa,0.1,12,0.07399113082039911
492,Glutbunny,0.0,0,0.0
493,Gode,0.0,3,0.0009977827050997783
494,Gohngeddit Juanpeace,0.0,0,0.0
495,Going Merry,0.0,3,0.0009977827050997783
496,Goki,0.0,3,0.0009977827050997783
497,Gol D. Roger,0.12,17,0.08965410199556541
498,Goldberg,0.18,18,0.13198669623059867
499,Goldfish Princess,0.0,0,0.0
500,Gomorrah,0.0,20,0.0066518847006651885
501,Gonbe,0.0,44,0.014634146341463414
502,Goo,0.0,1,0.0003325942350332594
503,Googly,0.0,3,0.0009977827050997783
504,Gorilla,0.0,2,0.0006651884700665188
505,Gorishiro,0.0,5,0.0016629711751662971
506,Goro,0.0,0,0.0
507,Gorobe,0.0,1,0.0003325942350332594
508,Gotti,0.0,22,0.007317073170731707
509,Grabba,0.0,1,0.0003325942350332594
510,Gram,0.0,5,0.0016629711751662971
511,Grasshopper-Man,0.0,2,0.0006651884700665188
512,Great Michael,0.0,3,0.0009977827050997783
513,Guernica,0.0,16,0.005321507760532151
514,Guillotine,0.06,6,0.043995565410199555
515,Guppy Mermaid Quintuplets,0.0,9,0.0029933481152993346
516,Gurutaro,0.0,1,0.0003325942350332594
517,Gyaro,0.0,6,0.0019955654101995565
518,Gyats,0.0,33,0.01097560975609756
519,Gyogyo,0.07,13,0.053323725055432376
520,Gyoll,0.0,1,0.0003325942350332594
521,Gyoro,0.0,0,0.0
522,"Gyoro, Nin, Bao",0.0,0,0.0
523,Gyro,0.0,1,0.0003325942350332594
524,Haccha,0.0,3,0.0009977827050997783
525,Hack,0.01,35,0.01864079822616408
526,Hajrudin,0.25,57,0.19395787139689577
527,Hakugan,0.0,12,0.003991130820399113
528,Ham Burger,0.01,6,0.008995565410199555
529,Hamburg,0.01,10,0.010325942350332594
530,Hamlet,0.0,12,0.003991130820399113
531,Hammond,0.0,5,0.0016629711751662971
532,Hanafuda,0.0,0,0.0
533,Hangan,0.0,3,0.0009977827050997783
534,Hanger,0.0,1,0.0003325942350332594
535,Hanji,0.0,2,0.0006651884700665188
536,Hanko,0.0,2,0.0006651884700665188
537,Hannyabal,0.0,14,0.004656319290465632
538,Hanzo,0.0,13,0.004323725055432372
539,Happa Yamao,0.0,1,0.0003325942350332594
540,Hara,0.0,1,0.0003325942350332594
541,Harald,0.12,12,0.08799113082039911
542,Haredas,0.02,7,0.016328159645232813
543,Hareji,0.0,1,0.0003325942350332594
544,Haruta,0.0,11,0.0036585365853658534
545,Hatchan,0.01,50,0.02362971175166297
546,Hatsume,0.0,4,0.0013303769401330377
547,Hattori,0.05,66,0.05695121951219512
548,Hawk-Man,0.0,1,0.0003325942350332594
549,Heat,0.01,21,0.013984478935698447
550,Heercomes Dasun,0.0,2,0.0006651884700665188
551,Helmeppo,0.05,25,0.04331485587583148
552,Heppoko,0.01,2,0.0076651884700665186
553,Hera,0.0,18,0.005986696230598669
554,Heracles,0.01,6,0.008995565410199555
555,Herb,0.0,2,0.0006651884700665188
556,Hewitt,0.0,6,0.0019955654101995565
557,Hibari,0.06,8,0.04466075388026607
558,Hidayu,0.0,9,0.0029933481152993346
559,Higuma,0.0,1,0.0003325942350332594
560,Hihimaru,0.0,7,0.002328159645232816
561,Hikkomitsukumai,0.0,1,0.0003325942350332594
562,Hildon,0.0,7,0.002328159645232816
563,Hilmungardr,0.02,2,0.014665188470066518
564,Himuro,0.0,6,0.0019955654101995565
565,Hina,0.03,14,0.02565631929046563
566,Hip,0.01,4,0.008330376940133038
567,Hippan Natte,0.0,1,0.0003325942350332594
568,Hippie,0.01,1,0.007332594235033259
569,Hippo Gallant,0.0,1,0.0003325942350332594
570,Hiramela,0.0,5,0.0016629711751662971
571,Hiro Gomon,0.01,1,0.007332594235033259
572,Hiroshi,0.0,1,0.0003325942350332594
573,Hitchinfra Itchin,0.0,0,0.0
574,Hocha,0.0,4,0.0013303769401330377
575,Hocker,0.0,0,0.0
576,Hoe,0.02,11,0.017658536585365852
577,Hogback,0.0,14,0.004656319290465632
578,Hoisassa,0.0,4,0.0013303769401330377
579,Holdem,0.0,7,0.002328159645232816
580,Holly,0.0,12,0.003991130820399113
581,Home,0.0,0,0.0
582,Hongo,0.02,6,0.015995565410199555
583,Honnah,0.0,6,0.0019955654101995565
584,Hop,0.0,1,0.0003325942350332594
585,Hordy JonesHody Jones,0.0,28,0.009312638580931265
586,Horse-Man,0.0,1,0.0003325942350332594
587,Hotei,0.0,9,0.0029933481152993346
588,Hotori and Kotori,0.0,0,0.0
589,Hototogisu,0.0,3,0.0009977827050997783
590,Hound,0.06,6,0.043995565410199555
591,House,0.0,3,0.0009977827050997783
592,Howja Geddinthere II,0.0,0,0.0
593,Hublot,0.0,0,0.0
594,Huck,0.01,35,0.01864079822616408
595,Humphrey,0.0,1,0.0003325942350332594
596,Hustle,0.0,1,0.0003325942350332594
597,Hyogoro,0.0,51,0.01696230598669623
598,Hyoutauros,0.0,2,0.0006651884700665188
599,Hyouzou,0.0,16,0.005321507760532151
600,Ibiributsu,0.0,1,0.0003325942350332594
601,Iceberg,0.03,38,0.03363858093126386
602,Ida,0.07,7,0.05132815964523282
603,Ideaman,0.0,1,0.0003325942350332594
604,Ideo,0.0,25,0.008314855875831485
605,Igaram,0.01,18,0.012986696230598668
606,Ikaros Much,0.0,16,0.005321507760532151
607,Ikkaku,0.0,34,0.01130820399113082
608,Imu,0.16,19,0.11831929046563192
609,Inazuma,0.0,16,0.005321507760532151
610,Inbi,0.0,7,0.002328159645232816
611,Indigo,0.0,0,0.0
612,Inhel,0.0,33,0.01097560975609756
613,Ino Ichiban-no-Suke,0.0,1,0.0003325942350332594
614,Inuarashi,0.0,69,0.022949002217294897
615,Inukai,0.0,1,0.0003325942350332594
616,Inuppe,0.0,4,0.0013303769401330377
617,Ippon Ume,0.0,1,0.0003325942350332594
618,Ipponmatsu,0.0,1,0.0003325942350332594
619,Isa,0.0,1,0.0003325942350332594
620,Iscat,0.04,4,0.029330376940133036
621,Ishilly,0.01,6,0.008995565410199555
622,Island Eater,0.0,2,0.0006651884700665188
623,Islewan,0.0,4,0.0013303769401330377
624,Issho,0.01,34,0.01830820399113082
625,Isuka,0.0,0,0.0
626,Itomimizu,0.0,12,0.003991130820399113
627,Iwatobi,0.0,2,0.0006651884700665188
628,Izo,0.0,43,0.014301552106430153
629,Jabari,0.0,1,0.0003325942350332594
630,Jabra,0.01,22,0.014317073170731706
631,Jack,0.0,20,0.0066518847006651885
632,Jackson Burner,0.02,3,0.014997782705099777
633,Jagger,0.0,4,0.0013303769401330377
634,Jaguar D. Saul,0.16,23,0.11964966740576495
635,Jaki,0.0,2,0.0006651884700665188
636,Jarul,0.22,23,0.16164966740576497
637,Jean Ango,0.0,4,0.0013303769401330377
638,Jean Bart,0.01,41,0.020636363636363633
639,Jean Noueilles,0.0,2,0.0006651884700665188
640,Jeep,0.0,2,0.0006651884700665188
641,Jero,0.0,0,0.0
642,Jerry,0.0,1,0.0003325942350332594
643,Jesus Burgess,0.02,37,0.026305986696230597
644,Jet,0.01,20,0.013651884700665189
645,Jewelry Bonney,0.43,68,0.32361640798226166
646,Jibuemon,0.0,4,0.0013303769401330377
647,Jigoku-Benten,0.0,7,0.002328159645232816
648,Jigokukamabuta Megatenpanchiro,0.0,1,0.0003325942350332594
649,Jigoro,0.0,6,0.0019955654101995565
650,Jigra,0.0,1,0.0003325942350332594
651,Jinbe,0.39,211,0.3431773835920177
652,Jiron,0.05,5,0.036662971175166294
653,Jobo,0.0,2,0.0006651884700665188
654,Johanna,0.14,14,0.10265631929046563
655,John,0.08,14,0.060656319290465624
656,John Giant,0.0,6,0.0019955654101995565
657,Johnny,0.0,27,0.008980044345898004
658,Jormungandr,0.01,1,0.007332594235033259
659,Jorul,0.02,3,0.014997782705099777
660,Joseph,0.0,11,0.0036585365853658534
661,Josh,0.0,1,0.0003325942350332594
662,Joyboy,0.0,0,0.0
663,Jozu,0.0,21,0.006984478935698447
664,Judi,0.0,1,0.0003325942350332594
665,Jugemu Jugemuko,0.0,2,0.0006651884700665188
666,Jujiro,0.0,9,0.0029933481152993346
667,Juki,0.0,3,0.0009977827050997783
668,Julius,0.0,1,0.0003325942350332594
669,Jumper,0.0,2,0.0006651884700665188
670,Junan,0.0,1,0.0003325942350332594
671,Justy Tinbread,0.0,1,0.0003325942350332594
672,Kadar,0.0,2,0.0006651884700665188
673,Kagero,0.0,2,0.0006651884700665188
674,Kaido,0.12,77,0.10960975609756096
675,Kairen,0.0,4,0.0013303769401330377
676,Kairiken,0.0,2,0.0006651884700665188
677,Kaku,0.09,152,0.11355432372505543
678,Kaku-no Shin,0.0,9,0.0029933481152993346
679,KalgaraCalgaraKalgala,0.0,6,0.0019955654101995565
680,Kalifa,0.01,51,0.023962305986696228
681,Kamakiri,0.01,13,0.01132372505543237
682,Kamakiri-Girl,0.0,3,0.0009977827050997783
683,Kamekichi,0.0,1,0.0003325942350332594
684,Kamijiro,0.0,7,0.002328159645232816
685,Kandre,0.0,1,0.0003325942350332594
686,Kaneshiro,0.0,3,0.0009977827050997783
687,Kappa,0.01,5,0.008662971175166297
688,Karasu,0.04,11,0.031658536585365854
689,Karin,0.15,15,0.10998891352549889
690,Karma,0.0,8,0.0026607538802660754
691,Karoo,0.01,47,0.022631929046563193
692,Kasa,0.0,1,0.0003325942350332594
693,Kasagoba,0.0,3,0.0009977827050997783
694,Kashigami,0.0,1,0.0003325942350332594
695,Kashigami's Offspring,0.0,1,0.0003325942350332594
696,Kashii,0.23,46,0.17629933481152993
697,Kato,0.01,11,0.010658536585365853
698,Katsuzo,0.0,0,0.0
699,Kawamatsu,0.0,58,0.019290465631929047
700,Kaya,0.01,16,0.01232150776053215
701,Kazekage,0.0,8,0.0026607538802660754
702,Kazenbo,0.0,7,0.002328159645232816
703,Kebi,0.0,9,0.0029933481152993346
704,Kechatch,0.0,1,0.0003325942350332594
705,Kelly Funk,0.0,13,0.004323725055432372
706,Keygan,0.0,1,0.0003325942350332594
707,Kibagaeru,0.0,1,0.0003325942350332594
708,Kibin,0.0,1,0.0003325942350332594
709,Kicking Claw Force,0.0,4,0.0013303769401330377
710,Kiev,0.0,35,0.01164079822616408
711,Kikipatsu,0.0,1,0.0003325942350332594
712,Kiku,0.0,17,0.00565410199556541
713,Kikunojo,0.0,58,0.019290465631929047
714,Kikyo,0.0,10,0.0033259423503325942
715,Killer,0.01,47,0.022631929046563193
716,Kimel,0.0,0,0.0
717,Kin'emon,0.02,152,0.06455432372505543
718,Kinbo,0.0,1,0.0003325942350332594
719,Kinderella,0.01,3,0.007997782705099777
720,King,0.01,32,0.0176430155210643
721,Kinga,0.0,2,0.0006651884700665188
722,Kingbaum,0.0,11,0.0036585365853658534
723,Kingdew,0.0,9,0.0029933481152993346
724,Kirintauros,0.0,1,0.0003325942350332594
725,Kisegawa,0.0,2,0.0006651884700665188
726,Kitton,0.0,3,0.0009977827050997783
727,Koala,0.07,30,0.058977827050997786
728,Kobei,0.0,2,0.0006651884700665188
729,Koda,0.0,0,0.0
730,Koito,0.0,1,0.0003325942350332594
731,Koiwa,0.0,1,0.0003325942350332594
732,Kojuro,0.0,13,0.004323725055432372
733,Kokoro,0.0,50,0.01662971175166297
734,Komachiyo,0.0,30,0.009977827050997782
735,Komakkov,0.0,0,0.0
736,Kombu,0.0,22,0.007317073170731707
737,Kong,0.02,3,0.014997782705099777
738,Kopp,0.0,23,0.007649667405764966
739,Koshi Falcon,0.0,1,0.0003325942350332594
740,Kotatsu,0.0,0,0.0
741,Kotetsu,0.0,0,0.0
742,Koyama,0.0,0,0.0
743,Koza,0.02,18,0.019986696230598667
744,Koze,0.0,1,0.0003325942350332594
745,Kozuki Hiyori,0.0,39,0.012971175166297116
746,Kozuki Momonosuke,0.03,99,0.05392682926829268
747,Kozuki Oden,0.0,14,0.004656319290465632
748,Kozuki Sukiyaki,0.0,6,0.0019955654101995565
749,Kozuki Toki,0.0,9,0.0029933481152993346
750,Krieg,0.01,20,0.013651884700665189
751,Kujaku,0.05,6,0.036995565410199556
752,Kukai,0.0,0,0.0
753,Kuma-A,0.0,0,0.0
754,Kumacy,0.0,12,0.003991130820399113
755,Kumadori,0.01,20,0.013651884700665189
756,Kumadori Yamanbako,0.0,0,0.0
757,Kumagoro,0.0,3,0.0009977827050997783
758,Kuni,0.0,2,0.0006651884700665188
759,Kunyun,0.0,2,0.0006651884700665188
760,Kureha,0.01,21,0.013984478935698447
761,Kuro,0.0,11,0.0036585365853658534
762,Kurokoma,0.0,0,0.0
763,Kuromarimo,0.0,9,0.0029933481152993346
764,Kuroobi,0.0,19,0.006319290465631929
765,Kurosawa,0.0,6,0.0019955654101995565
766,Kurozumi Higurashi,0.0,3,0.0009977827050997783
767,Kurozumi Kanjuro,0.0,10,0.0033259423503325942
768,Kurozumi Orochi,0.0,41,0.013636363636363636
769,Kurozumi Semimaru,0.0,2,0.0006651884700665188
770,Kurozumi Tama,0.02,4,0.015330376940133037
771,Kuween,0.0,3,0.0009977827050997783
772,Kuzan,0.06,12,0.04599113082039911
773,Kyo,0.07,7,0.05132815964523282
774,Kyros,0.01,40,0.020303769401330378
775,Kyuji,0.0,0,0.0
776,Laboon,0.03,9,0.023993348115299334
777,Lacroix,0.01,9,0.009993348115299333
778,Lacuba,0.0,3,0.0009977827050997783
779,Lady Tree,0.0,1,0.0003325942350332594
780,Lafitte,0.01,13,0.01132372505543237
781,Langram,0.03,5,0.022662971175166295
782,Lao G,0.0,18,0.005986696230598669
783,Lasky,0.0,5,0.0016629711751662971
784,Lassoo,0.0,3,0.0009977827050997783
785,Lemoncheese,0.0,2,0.0006651884700665188
786,Leo,0.03,50,0.037629711751662964
787,Leonero,0.0,0,0.0
788,Lily,0.0,8,0.0026607538802660754
789,Lime Juice,0.01,5,0.008662971175166297
790,Linaria,0.01,1,0.007332594235033259
791,Lindbergh,0.03,7,0.023328159645232813
792,Lines,0.0,1,0.0003325942350332594
793,Lint,0.0,5,0.0016629711751662971
794,Lip Doughty,0.0,1,0.0003325942350332594
795,Little Oars Jr.,0.0,2,0.0006651884700665188
796,Local Sea Monster,0.0,2,0.0006651884700665188
797,Lohkee Clownin,0.0,1,0.0003325942350332594
798,Loki,0.28,28,0.20531263858093127
799,Lola,0.0,15,0.004988913525498891
800,Lonz,0.0,8,0.0026607538802660754
801,Louis Arnote,0.0,0,0.0
802,Lowwing,0.04,5,0.029662971175166294
803,Lucky Roux,0.02,12,0.01799113082039911
804,Lulis,0.0,2,0.0006651884700665188
805,Lun,0.0,1,0.0003325942350332594
806,Machvise,0.0,19,0.006319290465631929
807,Macro,0.0,14,0.004656319290465632
808,Madillo-Man,0.0,2,0.0006651884700665188
809,Mag,0.16,16,0.11732150776053214
810,Magellan,0.01,18,0.012986696230598668
811,Magnolia,0.03,3,0.021997782705099778
812,Magura,0.01,7,0.009328159645232816
813,Maha,0.0,13,0.004323725055432372
814,Maidy,0.0,1,0.0003325942350332594
815,Maki,0.0,1,0.0003325942350332594
816,Makino,0.01,8,0.009660753880266075
817,Makino's Baby,0.01,2,0.0076651884700665186
818,Makko,0.0,2,0.0006651884700665188
819,Mamboshi,0.03,31,0.03131042128603104
820,Mameemee,0.0,1,0.0003325942350332594
821,Mancherie,0.0,19,0.006319290465631929
822,Mani,0.0,6,0.0019955654101995565
823,Manjaro,0.01,1,0.007332594235033259
824,Marco,0.02,64,0.0352860310421286
825,Margaret,0.01,13,0.01132372505543237
826,Margarita,0.0,1,0.0003325942350332594
827,Mari,0.01,2,0.0076651884700665186
828,Maria Napole,0.0,1,0.0003325942350332594
829,Maria Onion Bear,0.0,3,0.0009977827050997783
830,Marianne,0.01,1,0.007332594235033259
831,Marie,0.0,1,0.0003325942350332594
832,Marilyn,0.0,1,0.0003325942350332594
833,Marin,0.0,1,0.0003325942350332594
834,Mario,0.0,1,0.0003325942350332594
835,Marlon,0.03,3,0.021997782705099778
836,Marmieta,0.0,2,0.0006651884700665188
837,Marshall D. Teech,0.12,36,0.09597339246119733
838,Mash,0.0,0,0.0
839,Masira,0.01,12,0.010991130820399111
840,Masked Deuce,0.0,0,0.0
841,Massui,0.0,1,0.0003325942350332594
842,Mato,0.05,6,0.036995565410199556
843,Matsuge,0.0,19,0.006319290465631929
844,Mattryoshesses,0.0,4,0.0013303769401330377
845,Max Marx,0.05,6,0.036995565410199556
846,Maynard,0.0,7,0.002328159645232816
847,Mayushka,0.0,3,0.0009977827050997783
848,McGuy,0.0,5,0.0016629711751662971
849,McKinley,0.0,17,0.00565410199556541
850,McTreenald,0.0,4,0.0013303769401330377
851,Meadows,0.0,2,0.0006651884700665188
852,Mecha-Shark,0.0,1,0.0003325942350332594
853,Megalo,0.01,23,0.014649667405764965
854,Mello,0.01,5,0.008662971175166297
855,Meormeow Meormani,0.0,0,0.0
856,Merry,0.01,8,0.009660753880266075
857,Michael,0.0,0,0.0
858,Mihal,0.0,0,0.0
859,Mikazuki,0.0,1,0.0003325942350332594
860,Mikio Itoo,0.0,0,0.0
861,Mikita,0.01,1,0.007332594235033259
862,Miles,0.0,1,0.0003325942350332594
863,Milky,0.0,2,0.0006651884700665188
864,Mille Pine,0.04,7,0.030328159645232812
865,Milo,0.0,3,0.0009977827050997783
866,Minatomo,0.0,12,0.003991130820399113
867,Minister of the Left,0.02,25,0.022314855875831485
868,Minister of the Right,0.02,26,0.02264745011086474
869,Minochihuahua,0.0,0,0.0
870,Minokoala,0.0,7,0.002328159645232816
871,Minorhinoceros,0.0,6,0.0019955654101995565
872,Minoruba,0.0,2,0.0006651884700665188
873,Minotaur,0.0,3,0.0009977827050997783
874,Minozebra,0.0,6,0.0019955654101995565
875,Misery,0.0,2,0.0006651884700665188
876,Mishinin Cashable,0.0,1,0.0003325942350332594
877,Miss Father's Day,0.0,3,0.0009977827050997783
878,Miss Friday,0.0,5,0.0016629711751662971
879,Miss Katherina,0.01,4,0.008330376940133038
880,Miss Monday,0.01,5,0.008662971175166297
881,Miyagi,0.0,21,0.006984478935698447
882,Mizerka,0.0,5,0.0016629711751662971
883,Mizuira,0.0,0,0.0
884,Mizuuta Madaisky,0.0,1,0.0003325942350332594
885,Mizuuta Mawaritosky,0.0,0,0.0
886,Mjure,0.0,9,0.0029933481152993346
887,Moai,0.0,2,0.0006651884700665188
888,Mocha,0.0,24,0.007982261640798226
889,Mochi,0.0,1,0.0003325942350332594
890,Moda,0.02,3,0.014997782705099777
891,Mohji,0.01,14,0.011656319290465633
892,Momonga,0.0,22,0.007317073170731707
893,Momoo,0.0,6,0.0019955654101995565
894,Mon-ji,0.0,2,0.0006651884700665188
895,Monda,0.0,5,0.0016629711751662971
896,Monet,0.0,23,0.007649667405764966
897,Moneypenny,0.0,0,0.0
898,Monjiro,0.0,7,0.002328159645232816
899,Monkey D. Dragon,0.23,35,0.17264079822616407
900,Monkey D. Garp,0.16,56,0.1306252771618625
901,Monkey D. Luffy,0.56,902,0.692
902,Monster,0.01,6,0.008995565410199555
903,Mont Blanc Cricket,0.01,10,0.010325942350332594
904,Mont Blanc Noland,0.0,6,0.0019955654101995565
905,Moocy,0.0,7,0.002328159645232816
906,Moody,0.0,1,0.0003325942350332594
907,Moon Isaac Jr.,0.03,6,0.022995565410199554
908,Moqueca,0.0,2,0.0006651884700665188
909,Morgan,0.0,4,0.0013303769401330377
910,Morgans,0.09,25,0.07131485587583149
911,Morley,0.08,12,0.059991130820399106
912,Mornin,0.0,2,0.0006651884700665188
913,Morollon,0.0,3,0.0009977827050997783
914,Mosh,0.01,6,0.008995565410199555
915,Motobaro,0.0,7,0.002328159645232816
916,Mouji,0.0,7,0.002328159645232816
917,Mounbleten,0.0,0,0.0
918,Mountain God,0.0,1,0.0003325942350332594
919,Mountain Ricky,0.0,1,0.0003325942350332594
920,Mouse-Man,0.0,1,0.0003325942350332594
921,Mouthto Mouthyan,0.0,0,0.0
922,Moyle,0.0,1,0.0003325942350332594
923,Mozambia,0.0,3,0.0009977827050997783
924,Mozu and Kiwi,0.0,2,0.0006651884700665188
925,Mr. 10,0.0,0,0.0
926,Mr. 11,0.0,2,0.0006651884700665188
927,Mr. 12,0.0,0,0.0
928,Mr. 13,0.0,5,0.0016629711751662971
929,Mr. 6,0.0,0,0.0
930,Mr. 7,0.0,6,0.0019955654101995565
931,Mr. 9,0.01,9,0.009993348115299333
932,Mr. Beans,0.0,3,0.0009977827050997783
933,Mr. Love,0.0,1,0.0003325942350332594
934,Mr. Melow,0.0,1,0.0003325942350332594
935,Mr. Momora,0.07,10,0.0523259423503326
936,Mr. Motzel,0.0,1,0.0003325942350332594
937,Mr. Shimizu,0.0,1,0.0003325942350332594
938,Mrs. Chicken,0.0,2,0.0006651884700665188
939,Ms. Mother's Day,0.0,0,0.0
940,Ms. Saturday,0.0,0,0.0
941,Ms. Thursday,0.0,0,0.0
942,Ms. Tuesday,0.0,0,0.0
943,Muegren,0.06,8,0.04466075388026607
944,Muginn,0.02,2,0.014665188470066518
945,Mummy,0.0,5,0.0016629711751662971
946,Mushroom,0.0,2,0.0006651884700665188
947,Musse,0.0,5,0.0016629711751662971
948,Muti,0.0,1,0.0003325942350332594
949,Nakaiwa,0.0,1,0.0003325942350332594
950,Nako,0.01,13,0.01132372505543237
951,Nami,0.53,695,0.6021529933481153
952,Namule,0.0,4,0.0013303769401330377
953,Nangi,0.0,3,0.0009977827050997783
954,Napoleon,0.1,101,0.10359201773835919
955,Nash,0.12,12,0.08799113082039911
956,Nashi,0.0,2,0.0006651884700665188
957,Natto,0.0,1,0.0003325942350332594
958,Nay Mingheim,0.0,0,0.0
959,Needa Hand,0.0,2,0.0006651884700665188
960,Needle God,0.01,1,0.007332594235033259
961,Nefeltari Cobra,0.02,33,0.02497560975609756
962,Nefeltari D. Lily,0.0,0,0.0
963,Nefeltari Titi,0.0,0,0.0
964,Nefeltari Vivi,0.08,106,0.09125498891352549
965,Neggy,0.0,2,0.0006651884700665188
966,Nekomamushi,0.0,52,0.017294900221729487
967,Nekozaemon,0.0,1,0.0003325942350332594
968,Neoki,0.0,1,0.0003325942350332594
969,Neptune,0.04,43,0.04230155210643015
970,Nerine,0.0,8,0.0026607538802660754
971,Nero,0.0,5,0.0016629711751662971
972,Nezumi,0.0,6,0.0019955654101995565
973,Nico Olvia,0.0,5,0.0016629711751662971
974,Nico Robin,0.34,469,0.3939866962305987
975,Nightcrab-Girl,0.0,1,0.0003325942350332594
976,Nika,0.0,2,0.0006651884700665188
977,Ninjin,0.01,14,0.011656319290465633
978,Ninth,0.0,1,0.0003325942350332594
979,Nitro,0.0,17,0.00565410199556541
980,Nodoi Wakan,0.0,1,0.0003325942350332594
981,Nojiko,0.01,26,0.01564745011086474
982,Nokokuwa Police,0.0,7,0.002328159645232816
983,Nokotti,0.0,1,0.0003325942350332594
984,Nola,0.01,7,0.009328159645232816
985,Nonday,0.01,1,0.007332594235033259
986,Nori-no Suke,0.0,1,0.0003325942350332594
987,Noriko,0.0,1,0.0003325942350332594
988,Notta Magician,0.0,1,0.0003325942350332594
989,Nubon,0.0,10,0.0033259423503325942
990,Nure-Onna,0.0,3,0.0009977827050997783
991,Oars,0.0,18,0.005986696230598669
992,Ocho,0.0,14,0.004656319290465632
993,Octopako,0.0,2,0.0006651884700665188
994,Ohm,0.0,13,0.004323725055432372
995,Ohmasa,0.0,15,0.004988913525498891
996,Oimo,0.23,46,0.17629933481152993
997,Oinkchuck,0.0,5,0.0016629711751662971
998,Oiwa,0.0,2,0.0006651884700665188
999,Okame,0.0,1,0.0003325942350332594
1000,Olav,0.14,14,0.10265631929046563
1001,Oliva,0.0,0,0.0
1002,Olombus,0.0,22,0.007317073170731707
1003,Onigumo,0.0,12,0.003991130820399113
1004,Onimaru,0.0,4,0.0013303769401330377
1005,Ook-Ook,0.0,0,0.0
1006,Ooklicia,0.01,1,0.007332594235033259
1007,Oran,0.0,1,0.0003325942350332594
1008,Osaki,0.0,0,0.0
1009,Osome,0.0,6,0.0019955654101995565
1010,Ossamond,0.0,0,0.0
1011,Otaka,0.0,1,0.0003325942350332594
1012,Otohime,0.01,6,0.008995565410199555
1013,Ottoland,0.0,15,0.004988913525498891
1014,Outlook III,0.0,3,0.0009977827050997783
1015,Oyday,0.01,2,0.0076651884700665186
1016,Pacifista,0.0025,7,0.004078159645232816
1017,Packy,0.0,1,0.0003325942350332594
1018,Pagaya,0.0,15,0.004988913525498891
1019,Page One,0.0,17,0.00565410199556541
1020,Palms,0.0,5,0.0016629711751662971
1021,Panda Man,0.0,0,0.0
1022,Panda Woman,0.0,0,0.0
1023,Pandora,0.0,0,0.0
1024,Pansy,0.0,1,0.0003325942350332594
1025,Papaneel,0.0,1,0.0003325942350332594
1026,Papas,0.0,1,0.0003325942350332594
1027,Pappagu,0.0,38,0.012638580931263858
1028,Pasia,0.0,2,0.0006651884700665188
1029,Patty,0.01,25,0.015314855875831484
1030,Paulie,0.01,58,0.026290465631929046
1031,Pavlik,0.0,3,0.0009977827050997783
1032,Peachbeard,0.0,1,0.0003325942350332594
1033,Pearl,0.01,6,0.008995565410199555
1034,Pedro,0.0,45,0.014966740576496673
1035,Peekatha Krotch,0.0,4,0.0013303769401330377
1036,Peepley Lulu,0.03,41,0.03463636363636363
1037,Peetamu,0.03,6,0.022995565410199554
1038,Pekkori,0.0,2,0.0006651884700665188
1039,Pekoms,0.0,23,0.007649667405764966
1040,Pell,0.01,20,0.013651884700665189
1041,Pellini,0.0,14,0.004656319290465632
1042,Penguin,0.0,39,0.012971175166297116
1043,Peppoko,0.0,1,0.0003325942350332594
1044,Perona,0.01,23,0.014649667405764965
1045,Pert,0.03,4,0.022330376940133036
1046,Peterman,0.0,2,0.0006651884700665188
1047,Pica,0.0,24,0.007982261640798226
1048,Pickles,0.0,5,0.0016629711751662971
1049,Pieman,0.01,14,0.011656319290465633
1050,Pierre,0.0,31,0.010310421286031043
1051,Pike,0.0,2,0.0006651884700665188
1052,Pincers,0.0,6,0.0019955654101995565
1053,Pinky,0.0,1,0.0003325942350332594
1054,Piper,0.03,3,0.021997782705099778
1055,Pisaro,0.0,6,0.0019955654101995565
1056,Poker,0.0,3,0.0009977827050997783
1057,Polo Gram,0.02,2,0.014665188470066518
1058,Pomp,0.01,6,0.008995565410199555
1059,Pomsky,0.1,10,0.07332594235033259
1060,Poppoko,0.01,2,0.0076651884700665186
1061,Poppy,0.0,1,0.0003325942350332594
1062,Porche,0.01,11,0.010658536585365853
1063,Porchemy,0.0,2,0.0006651884700665188
1064,Poro,0.0,3,0.0009977827050997783
1065,Portgas D. Ace,0.02,50,0.03062971175166297
1066,Portgaz D. Rouge,0.0,0,0.0
1067,Potato,0.02,3,0.014997782705099777
1068,Potsun,0.0,1,0.0003325942350332594
1069,Pound,0.0,9,0.0029933481152993346
1070,Prince Grus,0.06,7,0.04432815964523281
1071,Prometheus,0.03,52,0.03829490022172949
1072,Pudos,0.0,1,0.0003325942350332594
1073,Puppu,0.0,1,0.0003325942350332594
1074,Purinpurin,0.0,2,0.0006651884700665188
1075,Pururu,0.01,1,0.007332594235033259
1076,Qing Jiao,0.0,42,0.013968957871396894
1077,Queen,0.0,58,0.019290465631929047
1078,Queen Mama Chanter,0.0,10,0.0033259423503325942
1079,Quincy,0.0,1,0.0003325942350332594
1080,Rabbit-Man,0.0,2,0.0006651884700665188
1081,Rabiyan,0.0,16,0.005321507760532151
1082,Raccoon,0.0,0,0.0
1083,Ragnir,0.04,4,0.029330376940133036
1084,Raijin,0.0,4,0.0013303769401330377
1085,Raizo,0.0,69,0.022949002217294897
1086,Raki,0.0,11,0.0036585365853658534
1087,Rakuda,0.0,2,0.0006651884700665188
1088,Rakuyo,0.0,14,0.004656319290465632
1089,Ramba,0.0,5,0.0016629711751662971
1090,Ramen,0.0,2,0.0006651884700665188
1091,Rampo,0.0,19,0.006319290465631929
1092,Ran,0.0,8,0.0026607538802660754
1093,Randolph,0.0,7,0.002328159645232816
1094,Ratatoskr,0.0,0,0.0
1095,Ratel,0.0,0,0.0
1096,Ratherby Seifer,0.01,2,0.0076651884700665186
1097,Rebecca,0.03,64,0.0422860310421286
1098,Reck,0.01,3,0.007997782705099777
1099,Recycollie,0.0,0,0.0
1100,Red King,0.08,8,0.05866075388026607
1101,Redwolf,0.0,1,0.0003325942350332594
1102,Reforte,0.0,1,0.0003325942350332594
1103,Renona Topakka,0.0,0,0.0
1104,Reuder,0.01,3,0.007997782705099777
1105,Ribbitini,0.01,1,0.007332594235033259
1106,Richy,0.0,12,0.003991130820399113
1107,Rika,0.0,3,0.0009977827050997783
1108,Riku Doldo III,0.01,45,0.021966740576496672
1109,Rindo,0.0,8,0.0026607538802660754
1110,Ripley,0.16,16,0.11732150776053214
1111,Ripper,0.0,2,0.0006651884700665188
1112,Ririka,0.0,2,0.0006651884700665188
1113,Risky Brothers,0.0,30,0.009977827050997782
1114,Rivers,0.0,9,0.0029933481152993346
1115,Rob Lucci,0.11,83,0.10460532150776053
1116,Robson,0.0,7,0.002328159645232816
1117,Rocks D. Xebec,0.13,13,0.09532372505543237
1118,Rockstar,0.0,3,0.0009977827050997783
1119,Roddy,0.0,14,0.004656319290465632
1120,Rodo,0.21,21,0.15398447893569844
1121,Roji,0.0,1,0.0003325942350332594
1122,Rokkaku,0.0,1,0.0003325942350332594
1123,Rokki,0.0,1,0.0003325942350332594
1124,Rolling Logan,0.0,7,0.002328159645232816
1125,Ronja,0.14,14,0.10265631929046563
1126,Roronoa Arashi,0.0,0,0.0
1127,Roronoa Pinzolo,0.0,0,0.0
1128,Roronoa Zoro,0.44,660,0.5275121951219512
1129,Roshio,0.01,2,0.0076651884700665186
1130,Roshu,0.0,5,0.0016629711751662971
1131,Ross,0.0,9,0.0029933481152993346
1132,Roswald,0.0,0,0.0
1133,Roxanne,0.0,1,0.0003325942350332594
1134,Rush,0.0,4,0.0013303769401330377
1135,Russian,0.0,0,0.0
1136,Ryce,0.0,1,0.0003325942350332594
1137,Rydin,0.01,2,0.0076651884700665186
1138,Ryuboshi,0.03,31,0.03131042128603104
1139,Ryuma,0.0,7,0.002328159645232816
1140,Ryunosuke,0.0,2,0.0006651884700665188
1141,S-Bear,0.04,13,0.03232372505543237
1142,S-Hawk,0.03,9,0.023993348115299334
1143,S-Shark,0.04,9,0.030993348115299333
1144,S-Snake,0.08,13,0.06032372505543237
1145,Saber,0.0,0,0.0
1146,Sabo,0.14,40,0.11130376940133038
1147,Sadie,0.0,11,0.0036585365853658534
1148,Sai,0.01,47,0.022631929046563193
1149,Saikoro,0.0,1,0.0003325942350332594
1150,Saint Charlos,0.0,0,0.0
1151,Saint Donquixote Shivercalero,0.0,1,0.0003325942350332594
1152,Saint Figarland Garling,0.1,10,0.07332594235033259
1153,Saint Figarland Shamrock,0.12,13,0.08832372505543236
1154,Saint Jalmac,0.0,1,0.0003325942350332594
1155,Saint Manmayer Gunko,0.17,17,0.12465410199556541
1156,Saint Pluming,0.0,0,0.0
1157,Saint Rimoshifu Killingham,0.12,12,0.08799113082039911
1158,Saint Rosward Shalria,0.0,0,0.0
1159,Saint Satchels Maffey,0.03,3,0.021997782705099778
1160,Saint Shepherd Sommers,0.19,19,0.1393192904656319
1161,Saitank,0.0,5,0.0016629711751662971
1162,Sakazuki,0.05,16,0.040321507760532144
1163,Saldeath,0.0,5,0.0016629711751662971
1164,Sally Isntoinette,0.0,4,0.0013303769401330377
1165,Salome,0.0,32,0.010643015521064302
1166,Salou,0.0,1,0.0003325942350332594
1167,Saltgrill,0.0,2,0.0006651884700665188
1168,Sam,0.0,2,0.0006651884700665188
1169,Sambel,0.03,7,0.023328159645232813
1170,Samurai Batts,0.0,1,0.0003325942350332594
1171,San Juan Wolf,0.04,7,0.030328159645232812
1172,Sandayu,0.0,1,0.0003325942350332594
1173,Sanji,0.49,627,0.5515365853658536
1174,Sapee,0.0,1,0.0003325942350332594
1175,Sarahebi,0.0,6,0.0019955654101995565
1176,Sarai,0.0,1,0.0003325942350332594
1177,Sarfunkel,0.01,1,0.007332594235033259
1178,Sarquiss,0.0,13,0.004323725055432372
1179,Sarutobi,0.0,4,0.0013303769401330377
1180,Sasaki,0.0,15,0.004988913525498891
1181,Satori,0.0,4,0.0013303769401330377
1182,Sauce,0.0,2,0.0006651884700665188
1183,Sawyer Wayback,0.0,1,0.0003325942350332594
1184,Scales,0.0,4,0.0013303769401330377
1185,Scarlet,0.0,0,0.0
1186,Schollzo,0.0,24,0.007982261640798226
1187,Scimitarta,0.01,1,0.007332594235033259
1188,Scopper Gaban,0.25,29,0.1846452328159645
1189,Scorpion-Lady,0.0,6,0.0019955654101995565
1190,Scotch,0.0,1,0.0003325942350332594
1191,Scratchmen Apoo,0.0,37,0.012305986696230599
1192,Sea Boar,0.0,0,0.0
1193,Seagull Ganz Nozudon,0.03,3,0.021997782705099778
1194,Seamars,0.0,0,0.0
1195,Seira,0.0,5,0.0016629711751662971
1196,Seki,0.0,2,0.0006651884700665188
1197,Sen-no-Rikyuru,0.0,1,0.0003325942350332594
1198,Sengoku,0.04,51,0.044962305986696226
1199,Sentomaru,0.14,32,0.10864301552106431
1200,Serizawa,0.0,0,0.0
1201,Seto,0.0,6,0.0019955654101995565
1202,Señor Pink,0.0,20,0.0066518847006651885
1203,Shachi,0.0,43,0.014301552106430153
1204,Shaggy,0.0,0,0.0
1205,Shakuyaku,0.13,23,0.09864966740576496
1206,Sham,0.0,3,0.0009977827050997783
1207,Shamba,0.02,2,0.014665188470066518
1208,Shandia Chief,0.0,13,0.004323725055432372
1209,Shanks,0.13,30,0.10097782705099778
1210,Sharingle,0.0,2,0.0006651884700665188
1211,Sharley,0.0,9,0.0029933481152993346
1212,Sheepshead,0.0,2,0.0006651884700665188
1213,Sherry,0.01,6,0.008995565410199555
1214,Shiki,0.13,13,0.09532372505543237
1215,Shimotsuki Furiko,0.0,0,0.0
1216,Shimotsuki Koshiro,0.01,1,0.007332594235033259
1217,Shimotsuki Kozaburo,0.0,0,0.0
1218,Shimotsuki Kuina,0.0,0,0.0
1219,Shimotsuki Ryuma,0.0,0,0.0
1220,Shimotsuki Ushimaru,0.0,1,0.0003325942350332594
1221,Shimotsuki Yasuie,0.0,10,0.0033259423503325942
1222,Shine,0.0,3,0.0009977827050997783
1223,Shinobu,0.01,62,0.027620842572062085
1224,Shinosuke,0.0,1,0.0003325942350332594
1225,Shion,0.0,0,0.0
1226,Shirahoshi,0.05,50,0.05162971175166296
1227,Shirano,0.0,0,0.0
1228,Shiryu,0.04,17,0.03365410199556541
1229,Shishilian,0.01,29,0.01664523281596452
1230,Shojoe,0.01,10,0.010325942350332594
1231,Shu,0.0,2,0.0006651884700665188
1232,Shura,0.0,10,0.0033259423503325942
1233,Sicily,0.0,2,0.0006651884700665188
1234,Silvers Rayleigh,0.15,39,0.11797117516629711
1235,Skaldi,0.15,15,0.10998891352549889
1236,Skull,0.0,2,0.0006651884700665188
1237,Smiley,0.0,4,0.0013303769401330377
1238,Smoker,0.02,70,0.03728159645232816
1239,Smoothy,0.0,2,0.0006651884700665188
1240,Snakeman,0.0,2,0.0006651884700665188
1241,Snott Mee,0.0,0,0.0
1242,Sodomu,0.0,18,0.005986696230598669
1243,Sola,0.0,2,0.0006651884700665188
1244,Solitaire,0.0,2,0.0006651884700665188
1245,Solo,0.0,0,0.0
1246,Sonie,0.0,1,0.0003325942350332594
1247,Sora,0.0,2,0.0006651884700665188
1248,Spacey,0.0,0,0.0
1249,Spandam,0.0,33,0.01097560975609756
1250,Spandine,0.0,6,0.0019955654101995565
1251,Spara Heetpack,0.0,1,0.0003325942350332594
1252,Spartan,0.0,3,0.0009977827050997783
1253,Spector,0.0,1,0.0003325942350332594
1254,Speed,0.0,16,0.005321507760532151
1255,Speed Jil,0.0,4,0.0013303769401330377
1256,Spencer,0.07,10,0.0523259423503326
1257,Sphinx,0.0,3,0.0009977827050997783
1258,Splash and Splatter,0.0,2,0.0006651884700665188
1259,Spoil,0.0,5,0.0016629711751662971
1260,Spots,0.01,4,0.008330376940133038
1261,Squard,0.0,8,0.0026607538802660754
1262,St. Ethanbaron V. Nusjuro,0.19,32,0.1436430155210643
1263,St. Imu,0.0,0,0.0
1264,St. Jaygarcia Saturn,0.36,50,0.26862971175166295
1265,St. Marcus Mars,0.21,34,0.15830820399113082
1266,St. Shepherd Ju Peter,0.21,33,0.15797560975609756
1267,St. Topman Warcury,0.21,35,0.15864079822616406
1268,Stainless,0.01,10,0.010325942350332594
1269,Stalker,0.0,2,0.0006651884700665188
1270,Stansen,0.19,24,0.14098226164079822
1271,Staya Live,0.0,1,0.0003325942350332594
1272,Staybe,0.0,3,0.0009977827050997783
1273,Stealth Black,0.0,0,0.0
1274,Stella Live,0.0,1,0.0003325942350332594
1275,Stephen,0.0,0,0.0
1276,Sterry,0.0,8,0.0026607538802660754
1277,Strawberry,0.0,13,0.004323725055432372
1278,Stray Fox,0.0,0,0.0
1279,Streusen,0.06,13,0.04632372505543237
1280,Stroganoff,0.0,1,0.0003325942350332594
1281,Stronger,0.01,17,0.012654101995565409
1282,Stussy,0.08,30,0.06597782705099778
1283,Su,0.0,21,0.006984478935698447
1284,Sugar,0.01,13,0.01132372505543237
1285,Suke,0.0,2,0.0006651884700665188
1286,Sukune,0.0,0,0.0
1287,Suleiman,0.0,14,0.004656319290465632
1288,Super Spot-Billed Duck Troops,0.0,5,0.0016629711751662971
1289,Supersonic Duck Squadron,0.0,5,0.0016629711751662971
1290,Supersonic Duck SquadronSuper Spot-Billed Duck Troops,0.0,9,0.0029933481152993346
1291,Surume,0.0,11,0.0036585365853658534
1292,Suzume,0.0,1,0.0003325942350332594
1293,Sweetpea,0.0,11,0.0036585365853658534
1294,Synd,0.0,27,0.008980044345898004
1295,T-Bone,0.0,9,0.0029933481152993346
1296,Tabuhachiro,0.0,9,0.0029933481152993346
1297,Taco,0.0,3,0.0009977827050997783
1298,Takao,0.0,3,0.0009977827050997783
1299,Take,0.0,1,0.0003325942350332594
1300,Tama,0.0,50,0.01662971175166297
1301,Tamachibi,0.0,2,0.0006651884700665188
1302,Tamago,0.0,13,0.004323725055432372
1303,Tamagon,0.0,29,0.009645232815964523
1304,Tamanegi,0.01,15,0.011988913525498891
1305,Tamikebao,0.0,1,0.0003325942350332594
1306,Tank Lepant,0.01,27,0.015980044345898003
1307,Tansui,0.0,6,0.0019955654101995565
1308,Tararan,0.0,4,0.0013303769401330377
1309,Taro,0.06,9,0.04499334811529933
1310,Taroimo,0.0,2,0.0006651884700665188
1311,Tashigi,0.04,71,0.05161419068736142
1312,Tate,0.0,1,0.0003325942350332594
1313,Tea IV,0.0,2,0.0006651884700665188
1314,Tell,0.0,0,0.0
1315,Tenjo-Sagari,0.0,4,0.0013303769401330377
1316,Tensei,0.0,1,0.0003325942350332594
1317,Tera,0.0,0,0.0
1318,Terracotta,0.0,2,0.0006651884700665188
1319,Terry,0.0,3,0.0009977827050997783
1320,Terry Gilteo,0.01,2,0.0076651884700665186
1321,Thalassa Lucas,0.0,1,0.0003325942350332594
1322,Thanklin,0.01,6,0.008995565410199555
1323,Thatch,0.0,0,0.0
1324,Thormann,0.1,10,0.07332594235033259
1325,Tibbany Elizabeth,0.0,1,0.0003325942350332594
1326,Tilestone,0.02,40,0.027303769401330377
1327,Toad Boingnosuke,0.0,6,0.0019955654101995565
1328,Togare,0.0,0,0.0
1329,Tokijiro,0.0,2,0.0006651884700665188
1330,Tokikake,0.0,1,0.0003325942350332594
1331,Toko,0.0,26,0.008647450110864744
1332,Tom,0.0,5,0.0016629711751662971
1333,Tomatito,0.0,0,0.0
1334,Tomato Gang,0.0,0,0.0
1335,Tomozo,0.0,1,0.0003325942350332594
1336,Tonjil,0.01,1,0.007332594235033259
1337,Tonjit,0.01,6,0.008995565410199555
1338,Tonsfer,0.01,1,0.007332594235033259
1339,Tony Tony Chopper,0.43,555,0.485589800443459
1340,Topknot,0.0,4,0.0013303769401330377
1341,Torasaburo,0.0,1,0.0003325942350332594
1342,Tori,0.0,1,0.0003325942350332594
1343,Tosa,0.06,6,0.043995565410199555
1344,Totts,0.06,7,0.04432815964523281
1345,Toyama Tsujigiro,0.0,1,0.0003325942350332594
1346,Trafalgar D. Water Law,0.01,100,0.04025942350332594
1347,Trafalgar Lammy,0.0,0,0.0
1348,Trebol,0.0,30,0.009977827050997782
1349,Tristan,0.0,22,0.007317073170731707
1350,Tritobu,0.01,3,0.007997782705099777
1351,Tritoma,0.01,1,0.007332594235033259
1352,Tsugaru Umi,0.0,7,0.002328159645232816
1353,Tsukimi,0.0,0,0.0
1354,Tsumonsieur Kamaya,0.0,6,0.0019955654101995565
1355,Tsunagoro,0.0,12,0.003991130820399113
1356,Tsuru,0.015,31,0.02081042128603104
1357,Tsurue Mon-no-Suke,0.0,1,0.0003325942350332594
1358,Tu-tu,0.02,11,0.017658536585365852
1359,Turk,0.01,1,0.007332594235033259
1360,Tusk,0.03,3,0.021997782705099778
1361,Tyrannosaurus,0.01,23,0.014649667405764965
1362,UK,0.01,4,0.008330376940133038
1363,Ubau,0.0,1,0.0003325942350332594
1364,Ukkari Tsurube,0.0,1,0.0003325942350332594
1365,Ukon,0.0,5,0.0016629711751662971
1366,Ulti,0.0,21,0.006984478935698447
1367,Ultra King,0.0,2,0.0006651884700665188
1368,Umit,0.01,5,0.008662971175166297
1369,Uni,0.0,17,0.00565410199556541
1370,Unigaro,0.0,4,0.0013303769401330377
1371,Urashima,0.0,3,0.0009977827050997783
1372,Uraya Mashikatta,0.0,1,0.0003325942350332594
1373,Urban,0.07,7,0.05132815964523282
1374,Urouge,0.0,10,0.0033259423503325942
1375,Ushiano,0.05,7,0.03732815964523281
1376,Usopp,0.51,594,0.554560975609756
1377,Usunoro,0.0,3,0.0009977827050997783
1378,Uta,0.0,0,0.0
1379,Uwattsura,0.0,1,0.0003325942350332594
1380,Uweshall Notpass,0.0,1,0.0003325942350332594
1381,Uzu,0.0,22,0.007317073170731707
1382,Uzuki Namida,0.0,1,0.0003325942350332594
1383,Uzuki Tempura,0.0,0,0.0
1384,Van Auger,0.05,24,0.04298226164079822
1385,Vander Decken,0.0,0,0.0
1386,Vander Decken IX,0.0,11,0.0036585365853658534
1387,Vasco Shot,0.04,10,0.03132594235033259
1388,Vegapants,0.0,0,0.0
1389,Vergo,0.0,16,0.005321507760532151
1390,Verree Finework,0.0,1,0.0003325942350332594
1391,Victimothy Crucifixio,0.0,1,0.0003325942350332594
1392,Victoria Broth Splatterina,0.0,0,0.0
1393,Victoria Cindry,0.0,12,0.003991130820399113
1394,Vincent,0.0,1,0.0003325942350332594
1395,Vinsmoke Ichiji,0.0,27,0.008980044345898004
1396,Vinsmoke Judge,0.02,28,0.023312638580931265
1397,Vinsmoke Niji,0.0,27,0.008980044345898004
1398,Vinsmoke Reiju,0.0,33,0.01097560975609756
1399,Vinsmoke Sora,0.0,0,0.0
1400,Vinsmoke Yonji,0.0,28,0.009312638580931265
1401,Viola,0.0,44,0.014634146341463414
1402,Vista,0.0,21,0.006984478935698447
1403,Vitan,0.0,1,0.0003325942350332594
1404,Vito,0.0,25,0.008314855875831485
1405,Wadatsumi,0.0,17,0.00565410199556541
1406,Wakasa,0.0,1,0.0003325942350332594
1407,Wallace,0.0,0,0.0
1408,Wallem,0.0,2,0.0006651884700665188
1409,Wanda,0.01,33,0.01797560975609756
1410,Wang Zhi,0.06,6,0.043995565410199555
1411,Wannabi Laikd,0.0,0,0.0
1412,Wannabi Luvd,0.0,0,0.0
1413,Wanyudo,0.0,2,0.0006651884700665188
1414,Wanze,0.0,5,0.0016629711751662971
1415,Wapol,0.06,28,0.05131263858093126
1416,Warashi,0.0,3,0.0009977827050997783
1417,Warazane,0.0,2,0.0006651884700665188
1418,Warney,0.0,5,0.0016629711751662971
1419,Warrior God,0.0,0,0.0
1420,Waruno Furishiro,0.0,1,0.0003325942350332594
1421,Wellington,0.0,1,0.0003325942350332594
1422,Wheel,0.01,3,0.007997782705099777
1423,Whitey Bay,0.0,5,0.0016629711751662971
1424,Who's-Who,0.0,15,0.004988913525498891
1425,Wicca,0.0,24,0.007982261640798226
1426,Wire,0.01,20,0.013651884700665189
1427,Wolf,0.01,1,0.007332594235033259
1428,Woop Slap,0.02,8,0.016660753880266076
1429,Wyper,0.01,33,0.01797560975609756
1430,X. Barrels,0.0,3,0.0009977827050997783
1431,X. Drake,0.02,43,0.02830155210643015
1432,Yama,0.0,6,0.0019955654101995565
1433,Yamakaji,0.0,6,0.0019955654101995565
1434,Yamanba,0.0,3,0.0009977827050997783
1435,Yamato,0.0,55,0.018292682926829267
1436,Yame,0.0,1,0.0003325942350332594
1437,Yamenahare,0.0,2,0.0006651884700665188
1438,Yamon,0.02,2,0.014665188470066518
1439,Yarisugi,0.0,2,0.0006651884700665188
1440,Yasopp,0.02,11,0.017658536585365852
1441,Yatappe,0.0,18,0.005986696230598669
1442,Yazaemon,0.0,2,0.0006651884700665188
1443,Yeti Cool Brothers,0.0,1,0.0003325942350332594
1444,Ylva,0.18,18,0.13198669623059867
1445,Yokan,0.0,1,0.0003325942350332594
1446,Yokozuna,0.0,33,0.01097560975609756
1447,Yomo,0.01,11,0.010658536585365853
1448,Yorki,0.0,1,0.0003325942350332594
1449,Yosaku,0.0,28,0.009312638580931265
1450,Yoshimoto,0.0,3,0.0009977827050997783
1451,Yotsubane,0.0,2,0.0006651884700665188
1452,Yu,0.0,1,0.0003325942350332594
1453,Yuey,0.02,3,0.014997782705099777
1454,Yuki,0.0,0,0.0
1455,Yurusumaji Mask,0.0,0,0.0
1456,Yuwana Myclose,0.02,3,0.014997782705099777
1457,Yves,0.0,1,0.0003325942350332594
1458,Zabo,0.0,1,0.0003325942350332594
1459,Zala,0.0,0,0.0
1460,Zambai,0.0,46,0.015299334811529931
1461,Zangirimaru,0.0,1,0.0003325942350332594
1462,Zanki,0.0,3,0.0009977827050997783
1463,Zayde,0.0,4,0.0013303769401330377
1464,Zeff,0.01,28,0.016312638580931266
1465,Zeo,0.0,19,0.006319290465631929
1466,Zepo,0.0,0,0.0
1467,Zeus,0.1,63,0.09095343680709533
1468,Zodia,0.0,4,0.0013303769401330377
1469,Zukka,0.0,2,0.0006651884700665188
1470,Zunesha,0.01,17,0.012654101995565409
1471,Zururin,0.0,1,0.0003325942350332594
